user_id,username,role,country,city,browser,behaviour_profile,account_created,active
1,user_0001,Customer,Ethiopia,Addis Ababa,Firefox 140.0 (Ubuntu),Casual Visitor,2026-04-18,True
2,user_0002,Customer,Singapore,Singapore,Chrome 138.0 (Windows 11),Casual Visitor,2024-01-18,True
3,user_0003,Customer,Singapore,Singapore,Chrome Mobile (Android),Shopper,2023-09-06,True
4,user_0004,Customer,United States,New York,Firefox 140.0 (Ubuntu),Shopper,2024-09-29,True
5,user_0005,API Client,Uganda,Kampala,Edge 138.0 (Windows 11),Casual Visitor,2024-08-13,True
6,user_0006,Customer,United Kingdom,London,Chrome 138.0 (Windows 11),Registered User,2024-07-10,True
7,user_0007,Customer,Germany,Berlin,Chrome Mobile (Android),Registered User,2024-03-02,True
8,user_0008,Visitor,Tanzania,Dar es Salaam,Firefox 140.0 (Ubuntu),Registered User,2024-01-05,False
9,user_0009,Visitor,Tanzania,Dar es Salaam,Safari 18.0 (macOS),Shopper,2026-06-15,True
10,user_0010,Visitor,United Kingdom,London,Edge 138.0 (Windows 11),Registered User,2025-11-23,True
11,user_0011,Visitor,Ethiopia,Addis Ababa,Firefox 140.0 (Ubuntu),Casual Visitor,2023-12-12,True
12,user_0012,Customer,Singapore,Singapore,Chrome 138.0 (Windows 11),Casual Visitor,2026-02-01,True
13,user_0013,Visitor,United Kingdom,London,Firefox 140.0 (Ubuntu),Administrator,2025-05-15,True
14,user_0014,Customer,United Kingdom,London,Safari 18.0 (macOS),Registered User,2023-09-17,True
15,user_0015,Visitor,Uganda,Kampala,Chrome Mobile (Android),Shopper,2023-09-14,True
16,user_0016,Visitor,Germany,Berlin,Firefox 140.0 (Ubuntu),Shopper,2023-12-22,True
17,user_0017,Visitor,Kenya,Nairobi,Firefox 140.0 (Ubuntu),Registered User,2024-07-03,True
18,user_0018,Visitor,Ethiopia,Mekelle,Safari 18.0 (macOS),Shopper,2024-07-25,False
19,user_0019,Customer,Kenya,Nairobi,Chrome Mobile (Android),Registered User,2025-09-22,True
20,user_0020,Visitor,United Kingdom,London,Firefox 140.0 (Ubuntu),Shopper,2026-02-19,False
21,user_0021,Visitor,United States,New York,Chrome 138.0 (Windows 11),Registered User,2023-09-09,True
22,user_0022,Visitor,Singapore,Singapore,Firefox 140.0 (Ubuntu),Shopper,2025-12-17,True
23,user_0023,Customer,Singapore,Singapore,Safari 18.0 (macOS),Casual Visitor,2024-06-02,True
24,user_0024,Visitor,United States,New York,Chrome Mobile (Android),Administrator,2026-05-04,True
25,user_0025,API Client,India,Mumbai,Chrome Mobile (Android),Registered User,2025-11-22,True
26,user_0026,Visitor,India,Mumbai,Chrome Mobile (Android),Shopper,2025-05-11,True
27,user_0027,Customer,Singapore,Singapore,Safari 18.0 (macOS),API Client,2024-07-06,True
28,user_0028,Visitor,India,Mumbai,Firefox 140.0 (Ubuntu),Casual Visitor,2025-06-26,True
29,user_0029,Customer,Singapore,Singapore,Chrome 138.0 (Windows 11),Casual Visitor,2026-01-30,True
30,user_0030,Administrator,Tanzania,Dar es Salaam,Edge 138.0 (Windows 11),Casual Visitor,2024-10-04,True
31,user_0031,Visitor,India,Mumbai,Chrome Mobile (Android),Shopper,2023-08-09,True
32,user_0032,Visitor,India,Mumbai,Chrome 138.0 (Windows 11),Shopper,2024-04-03,True
33,user_0033,Customer,Germany,Berlin,Chrome 138.0 (Windows 11),Shopper,2025-05-16,False
34,user_0034,Visitor,Ethiopia,Addis Ababa,Edge 138.0 (Windows 11),Registered User,2025-01-08,True
35,user_0035,Visitor,Tanzania,Dar es Salaam,Firefox 140.0 (Ubuntu),Shopper,2024-10-03,True
36,user_0036,Visitor,Tanzania,Dar es Salaam,Chrome Mobile (Android),Casual Visitor,2024-03-27,True
37,user_0037,API Client,Singapore,Singapore,Firefox 140.0 (Ubuntu),Casual Visitor,2024-06-28,True
38,user_0038,Administrator,Tanzania,Dar es Salaam,Firefox 140.0 (Ubuntu),Casual Visitor,2025-01-02,False
39,user_0039,Visitor,United States,Dallas,Chrome Mobile (Android),Shopper,2024-01-04,True
40,user_0040,Visitor,Tanzania,Dar es Salaam,Chrome 138.0 (Windows 11),Shopper,2023-12-21,True
41,user_0041,Visitor,United Kingdom,London,Safari 18.0 (macOS),Shopper,2025-03-11,True
42,user_0042,API Client,Uganda,Kampala,Chrome 138.0 (Windows 11),Registered User,2023-12-27,True
43,user_0043,Visitor,Ethiopia,Addis Ababa,Chrome Mobile (Android),Casual Visitor,2025-02-06,True
44,user_0044,Customer,Ethiopia,Mekelle,Chrome Mobile (Android),Shopper,2025-01-14,True
45,user_0045,Visitor,Tanzania,Dar es Salaam,Safari 18.0 (macOS),Casual Visitor,2026-02-21,True
46,user_0046,Administrator,India,Mumbai,Chrome 138.0 (Windows 11),Casual Visitor,2024-09-12,True
47,user_0047,Visitor,Ethiopia,Addis Ababa,Chrome Mobile (Android),Casual Visitor,2023-10-05,True
48,user_0048,Visitor,Ethiopia,Addis Ababa,Firefox 140.0 (Ubuntu),Shopper,2025-07-12,True
49,user_0049,Customer,United States,New York,Chrome Mobile (Android),Casual Visitor,2025-11-09,True
50,user_0050,Visitor,Uganda,Kampala,Chrome 138.0 (Windows 11),Registered User,2024-02-08,True
51,user_0051,Customer,United States,New York,Firefox 140.0 (Ubuntu),Shopper,2025-03-09,True
52,user_0052,Visitor,Singapore,Singapore,Chrome 138.0 (Windows 11),Casual Visitor,2023-11-29,True
53,user_0053,Visitor,United States,New York,Firefox 140.0 (Ubuntu),Shopper,2025-12-03,True
54,user_0054,Customer,India,Mumbai,Chrome 138.0 (Windows 11),Casual Visitor,2024-10-27,True
55,user_0055,Customer,Uganda,Kampala,Chrome Mobile (Android),Shopper,2026-04-01,True
56,user_0056,Visitor,Kenya,Mombasa,Chrome 138.0 (Windows 11),Registered User,2026-03-16,True
57,user_0057,Visitor,Tanzania,Dar es Salaam,Chrome Mobile (Android),Registered User,2025-02-10,True
58,user_0058,Customer,Uganda,Kampala,Firefox 140.0 (Ubuntu),Registered User,2026-01-11,True
59,user_0059,Customer,United Kingdom,London,Firefox 140.0 (Ubuntu),Casual Visitor,2024-05-23,True
60,user_0060,Customer,Ethiopia,Mekelle,Safari 18.0 (macOS),Casual Visitor,2023-11-15,True
61,user_0061,Visitor,India,Mumbai,Firefox 140.0 (Ubuntu),Casual Visitor,2023-10-09,True
62,user_0062,Visitor,Germany,Berlin,Chrome 138.0 (Windows 11),API Client,2026-05-22,True
63,user_0063,Customer,Singapore,Singapore,Chrome Mobile (Android),Casual Visitor,2024-07-18,True
64,user_0064,Customer,United States,New York,Edge 138.0 (Windows 11),Casual Visitor,2024-10-21,True
65,user_0065,Visitor,United Kingdom,London,Chrome Mobile (Android),Casual Visitor,2023-11-30,True
66,user_0066,Visitor,Tanzania,Dar es Salaam,Safari 18.0 (macOS),Casual Visitor,2024-07-25,True
67,user_0067,Visitor,Singapore,Singapore,Chrome 138.0 (Windows 11),Administrator,2024-01-02,True
68,user_0068,Customer,United Kingdom,London,Edge 138.0 (Windows 11),Shopper,2025-03-11,True
69,user_0069,Customer,United Kingdom,London,Chrome Mobile (Android),Casual Visitor,2024-10-03,True
70,user_0070,Customer,Germany,Berlin,Edge 138.0 (Windows 11),Shopper,2025-07-03,True
71,user_0071,Visitor,United States,Dallas,Chrome Mobile (Android),Shopper,2026-04-12,True
72,user_0072,Customer,India,Mumbai,Chrome Mobile (Android),Shopper,2025-02-15,True
73,user_0073,Visitor,Uganda,Kampala,Chrome Mobile (Android),Casual Visitor,2024-04-07,True
74,user_0074,Visitor,Tanzania,Dar es Salaam,Firefox 140.0 (Ubuntu),Casual Visitor,2025-02-24,True
75,user_0075,Visitor,India,Mumbai,Chrome Mobile (Android),Casual Visitor,2025-01-31,True
76,user_0076,Visitor,India,Mumbai,Chrome 138.0 (Windows 11),Registered User,2024-06-19,True
77,user_0077,Visitor,Ethiopia,Mekelle,Chrome Mobile (Android),Shopper,2026-06-05,True
78,user_0078,Visitor,Ethiopia,Mekelle,Safari 18.0 (macOS),Shopper,2024-09-16,False
79,user_0079,Customer,United Kingdom,London,Chrome Mobile (Android),Shopper,2026-06-25,True
80,user_0080,Customer,India,Mumbai,Safari 18.0 (macOS),Shopper,2026-05-01,True
81,user_0081,Customer,United States,Dallas,Edge 138.0 (Windows 11),Shopper,2023-11-17,True
82,user_0082,Visitor,Tanzania,Dar es Salaam,Chrome Mobile (Android),Casual Visitor,2026-03-02,True
83,user_0083,Customer,Germany,Berlin,Chrome 138.0 (Windows 11),Shopper,2026-04-11,True
84,user_0084,Visitor,India,Mumbai,Safari 18.0 (macOS),Casual Visitor,2024-04-20,True
85,user_0085,Visitor,Kenya,Mombasa,Edge 138.0 (Windows 11),Casual Visitor,2025-11-05,True
86,user_0086,Visitor,Germany,Berlin,Edge 138.0 (Windows 11),Shopper,2024-08-13,True
87,user_0087,Customer,United Kingdom,London,Safari 18.0 (macOS),Administrator,2024-04-08,False
88,user_0088,Administrator,Singapore,Singapore,Chrome Mobile (Android),Shopper,2025-07-17,True
89,user_0089,Customer,Germany,Berlin,Firefox 140.0 (Ubuntu),Casual Visitor,2025-03-10,True
90,user_0090,Visitor,Tanzania,Dar es Salaam,Safari 18.0 (macOS),Casual Visitor,2024-09-21,False
91,user_0091,Customer,Germany,Berlin,Safari 18.0 (macOS),Casual Visitor,2026-04-19,True
92,user_0092,Customer,United Kingdom,London,Chrome 138.0 (Windows 11),Registered User,2025-12-11,True
93,user_0093,Customer,Tanzania,Dar es Salaam,Firefox 140.0 (Ubuntu),Casual Visitor,2024-07-05,True
94,user_0094,Customer,Tanzania,Dar es Salaam,Edge 138.0 (Windows 11),Casual Visitor,2026-06-27,True
95,user_0095,API Client,Ethiopia,Addis Ababa,Chrome 138.0 (Windows 11),Shopper,2024-12-14,True
96,user_0096,Administrator,Germany,Berlin,Firefox 140.0 (Ubuntu),Casual Visitor,2023-10-24,True
97,user_0097,Customer,Tanzania,Dar es Salaam,Edge 138.0 (Windows 11),Registered User,2024-07-19,True
98,user_0098,Visitor,Ethiopia,Addis Ababa,Safari 18.0 (macOS),Shopper,2023-09-17,True
99,user_0099,Customer,United Kingdom,London,Safari 18.0 (macOS),Casual Visitor,2024-12-01,False
100,user_0100,Visitor,India,Mumbai,Chrome Mobile (Android),API Client,2025-04-13,True
101,user_0101,Visitor,Singapore,Singapore,Chrome Mobile (Android),Casual Visitor,2024-09-17,True
102,user_0102,Customer,Ethiopia,Mekelle,Firefox 140.0 (Ubuntu),Registered User,2023-11-09,True
103,user_0103,Visitor,Germany,Berlin,Edge 138.0 (Windows 11),Casual Visitor,2024-06-21,True
104,user_0104,Visitor,United States,Dallas,Chrome Mobile (Android),Registered User,2025-12-27,True
105,user_0105,Visitor,Kenya,Nairobi,Safari 18.0 (macOS),Shopper,2024-11-29,True
106,user_0106,Visitor,India,Mumbai,Chrome 138.0 (Windows 11),Casual Visitor,2024-06-24,True
107,user_0107,Customer,Tanzania,Dar es Salaam,Edge 138.0 (Windows 11),Shopper,2026-05-13,True
108,user_0108,Visitor,Germany,Berlin,Safari 18.0 (macOS),Casual Visitor,2025-09-12,True
109,user_0109,Visitor,Ethiopia,Addis Ababa,Chrome Mobile (Android),API Client,2025-04-04,True
110,user_0110,Customer,Tanzania,Dar es Salaam,Edge 138.0 (Windows 11),Registered User,2026-04-23,False
111,user_0111,API Client,Singapore,Singapore,Firefox 140.0 (Ubuntu),Casual Visitor,2025-07-11,True
112,user_0112,Customer,United States,New York,Firefox 140.0 (Ubuntu),Casual Visitor,2024-03-07,False
113,user_0113,Customer,Singapore,Singapore,Firefox 140.0 (Ubuntu),Shopper,2024-09-13,True
114,user_0114,Customer,Ethiopia,Addis Ababa,Safari 18.0 (macOS),Shopper,2024-03-02,True
115,user_0115,Administrator,Kenya,Mombasa,Safari 18.0 (macOS),Casual Visitor,2024-08-16,True
116,user_0116,Customer,India,Mumbai,Chrome 138.0 (Windows 11),Casual Visitor,2025-12-18,True
117,user_0117,API Client,United States,New York,Chrome 138.0 (Windows 11),Shopper,2025-11-13,True
118,user_0118,Visitor,Tanzania,Dar es Salaam,Safari 18.0 (macOS),Casual Visitor,2024-09-10,True
119,user_0119,Customer,Germany,Berlin,Chrome 138.0 (Windows 11),Shopper,2026-01-23,True
120,user_0120,Visitor,Tanzania,Dar es Salaam,Chrome 138.0 (Windows 11),Casual Visitor,2025-05-25,True
121,user_0121,Visitor,Ethiopia,Addis Ababa,Safari 18.0 (macOS),Shopper,2026-01-21,True
122,user_0122,Visitor,Kenya,Nairobi,Edge 138.0 (Windows 11),Registered User,2025-04-10,True
123,user_0123,Customer,Tanzania,Dar es Salaam,Chrome Mobile (Android),Shopper,2025-02-11,True
124,user_0124,Visitor,Germany,Berlin,Firefox 140.0 (Ubuntu),Administrator,2024-07-04,True
125,user_0125,Visitor,Ethiopia,Addis Ababa,Edge 138.0 (Windows 11),Shopper,2024-02-29,True
126,user_0126,Visitor,United States,Dallas,Edge 138.0 (Windows 11),Shopper,2025-09-28,True
127,user_0127,Visitor,Singapore,Singapore,Chrome Mobile (Android),Casual Visitor,2025-09-03,True
128,user_0128,Visitor,United Kingdom,London,Firefox 140.0 (Ubuntu),API Client,2023-12-18,True
129,user_0129,Customer,Kenya,Mombasa,Firefox 140.0 (Ubuntu),Shopper,2023-10-11,True
130,user_0130,API Client,United States,New York,Safari 18.0 (macOS),Shopper,2024-01-16,True
131,user_0131,Visitor,Ethiopia,Mekelle,Edge 138.0 (Windows 11),Casual Visitor,2024-03-23,True
132,user_0132,Visitor,Uganda,Kampala,Safari 18.0 (macOS),Casual Visitor,2026-03-30,True
133,user_0133,Visitor,Singapore,Singapore,Edge 138.0 (Windows 11),Casual Visitor,2024-04-03,True
134,user_0134,Customer,Germany,Berlin,Chrome Mobile (Android),Shopper,2026-06-21,True
135,user_0135,Customer,Singapore,Singapore,Safari 18.0 (macOS),Shopper,2025-05-15,True
136,user_0136,Visitor,Tanzania,Dar es Salaam,Edge 138.0 (Windows 11),Shopper,2026-02-10,True
137,user_0137,API Client,Ethiopia,Addis Ababa,Chrome Mobile (Android),Registered User,2023-11-05,True
138,user_0138,Customer,United States,New York,Chrome 138.0 (Windows 11),Casual Visitor,2025-03-18,True
139,user_0139,Administrator,Ethiopia,Mekelle,Firefox 140.0 (Ubuntu),Shopper,2025-03-13,True
140,user_0140,Visitor,Singapore,Singapore,Safari 18.0 (macOS),API Client,2026-02-09,True
141,user_0141,Visitor,Singapore,Singapore,Chrome Mobile (Android),Shopper,2025-07-26,True
142,user_0142,Customer,Ethiopia,Mekelle,Safari 18.0 (macOS),Casual Visitor,2025-10-28,True
143,user_0143,Visitor,United States,New York,Edge 138.0 (Windows 11),Registered User,2024-08-23,True
144,user_0144,Visitor,India,Mumbai,Safari 18.0 (macOS),Casual Visitor,2025-12-05,True
145,user_0145,Visitor,Singapore,Singapore,Edge 138.0 (Windows 11),Registered User,2023-08-16,False
146,user_0146,Visitor,Tanzania,Dar es Salaam,Safari 18.0 (macOS),Casual Visitor,2026-06-20,True
147,user_0147,API Client,Germany,Berlin,Firefox 140.0 (Ubuntu),Shopper,2024-01-23,True
148,user_0148,Customer,Singapore,Singapore,Safari 18.0 (macOS),Casual Visitor,2026-06-23,True
149,user_0149,Visitor,Kenya,Nairobi,Firefox 140.0 (Ubuntu),Casual Visitor,2025-11-10,True
150,user_0150,Customer,United States,Dallas,Safari 18.0 (macOS),Shopper,2024-09-16,True
151,user_0151,API Client,Singapore,Singapore,Safari 18.0 (macOS),Registered User,2026-04-20,True
152,user_0152,Customer,Ethiopia,Addis Ababa,Edge 138.0 (Windows 11),API Client,2025-01-08,True
153,user_0153,Customer,Germany,Berlin,Chrome 138.0 (Windows 11),Shopper,2024-01-19,True
154,user_0154,Visitor,Kenya,Nairobi,Chrome 138.0 (Windows 11),Casual Visitor,2024-10-27,True
155,user_0155,Visitor,Uganda,Kampala,Chrome Mobile (Android),Shopper,2025-06-04,True
156,user_0156,Customer,Uganda,Kampala,Safari 18.0 (macOS),Shopper,2024-03-31,True
157,user_0157,Visitor,Uganda,Kampala,Edge 138.0 (Windows 11),Shopper,2025-07-03,True
158,user_0158,Customer,India,Mumbai,Firefox 140.0 (Ubuntu),Casual Visitor,2023-08-04,True
159,user_0159,Customer,United States,Dallas,Safari 18.0 (macOS),Registered User,2024-09-11,True
160,user_0160,Visitor,Germany,Berlin,Safari 18.0 (macOS),Shopper,2025-09-14,True
161,user_0161,API Client,United States,New York,Safari 18.0 (macOS),Casual Visitor,2024-05-02,True
162,user_0162,Customer,Kenya,Mombasa,Edge 138.0 (Windows 11),Registered User,2025-09-25,True
163,user_0163,Customer,United Kingdom,London,Chrome Mobile (Android),Casual Visitor,2024-01-11,True
164,user_0164,Administrator,Uganda,Kampala,Chrome 138.0 (Windows 11),Casual Visitor,2026-03-27,True
165,user_0165,Visitor,United Kingdom,London,Edge 138.0 (Windows 11),Casual Visitor,2024-11-04,True
166,user_0166,Customer,Tanzania,Dar es Salaam,Edge 138.0 (Windows 11),Shopper,2026-04-17,True
167,user_0167,Administrator,Uganda,Kampala,Safari 18.0 (macOS),API Client,2025-09-25,True
168,user_0168,Visitor,United Kingdom,London,Chrome 138.0 (Windows 11),Casual Visitor,2026-03-02,False
169,user_0169,Visitor,Germany,Berlin,Safari 18.0 (macOS),Casual Visitor,2024-06-02,True
170,user_0170,Customer,India,Mumbai,Edge 138.0 (Windows 11),Shopper,2024-03-23,True
171,user_0171,Customer,United Kingdom,London,Safari 18.0 (macOS),Casual Visitor,2025-03-01,True
172,user_0172,Administrator,Singapore,Singapore,Firefox 140.0 (Ubuntu),Shopper,2024-04-05,True
173,user_0173,Customer,India,Mumbai,Chrome 138.0 (Windows 11),Casual Visitor,2025-11-13,True
174,user_0174,Visitor,United States,Dallas,Firefox 140.0 (Ubuntu),Registered User,2025-10-30,True
175,user_0175,Customer,India,Mumbai,Chrome Mobile (Android),Shopper,2023-07-30,True
176,user_0176,Customer,Uganda,Kampala,Safari 18.0 (macOS),Shopper,2026-02-14,True
177,user_0177,Customer,United States,New York,Firefox 140.0 (Ubuntu),Shopper,2024-12-14,False
178,user_0178,API Client,United Kingdom,London,Edge 138.0 (Windows 11),Shopper,2025-08-27,False
179,user_0179,Visitor,United Kingdom,London,Firefox 140.0 (Ubuntu),API Client,2023-08-29,True
180,user_0180,Customer,India,Mumbai,Chrome Mobile (Android),API Client,2024-01-19,True
181,user_0181,API Client,United Kingdom,London,Chrome Mobile (Android),Casual Visitor,2025-02-12,True
182,user_0182,Customer,Singapore,Singapore,Firefox 140.0 (Ubuntu),Casual Visitor,2024-11-18,True
183,user_0183,Customer,Kenya,Mombasa,Firefox 140.0 (Ubuntu),API Client,2024-08-04,True
184,user_0184,Customer,Uganda,Kampala,Chrome 138.0 (Windows 11),Casual Visitor,2023-10-27,True
185,user_0185,Visitor,Tanzania,Dar es Salaam,Edge 138.0 (Windows 11),Casual Visitor,2024-08-07,True
186,user_0186,Customer,Singapore,Singapore,Safari 18.0 (macOS),Shopper,2025-12-27,True
187,user_0187,Visitor,Ethiopia,Mekelle,Chrome Mobile (Android),Casual Visitor,2023-11-29,True
188,user_0188,Visitor,Singapore,Singapore,Chrome 138.0 (Windows 11),Casual Visitor,2023-12-10,True
189,user_0189,Customer,Germany,Berlin,Safari 18.0 (macOS),Registered User,2025-08-22,True
190,user_0190,Customer,Ethiopia,Mekelle,Chrome 138.0 (Windows 11),Casual Visitor,2023-11-14,True
191,user_0191,Visitor,Singapore,Singapore,Chrome Mobile (Android),Shopper,2025-11-03,True
192,user_0192,Customer,Germany,Berlin,Chrome 138.0 (Windows 11),Registered User,2024-02-10,True
193,user_0193,Visitor,Singapore,Singapore,Firefox 140.0 (Ubuntu),Shopper,2024-02-14,True
194,user_0194,Customer,Germany,Berlin,Edge 138.0 (Windows 11),Shopper,2026-05-19,True
195,user_0195,Customer,United Kingdom,London,Safari 18.0 (macOS),Casual Visitor,2025-08-06,True
196,user_0196,Visitor,Ethiopia,Mekelle,Edge 138.0 (Windows 11),Registered User,2025-11-30,True
197,user_0197,Customer,Singapore,Singapore,Safari 18.0 (macOS),Casual Visitor,2024-04-11,True
198,user_0198,API Client,Germany,Berlin,Chrome Mobile (Android),Casual Visitor,2024-09-13,True
199,user_0199,Visitor,Singapore,Singapore,Safari 18.0 (macOS),Casual Visitor,2025-10-26,True
200,user_0200,Visitor,Singapore,Singapore,Edge 138.0 (Windows 11),Shopper,2026-02-26,True
201,user_0201,Customer,Singapore,Singapore,Edge 138.0 (Windows 11),Casual Visitor,2025-05-17,True
202,user_0202,Visitor,United States,Dallas,Firefox 140.0 (Ubuntu),Registered User,2024-06-23,True
203,user_0203,Visitor,Germany,Berlin,Chrome 138.0 (Windows 11),Casual Visitor,2025-11-13,True
204,user_0204,Visitor,Germany,Berlin,Firefox 140.0 (Ubuntu),Casual Visitor,2024-06-06,True
205,user_0205,Visitor,Ethiopia,Addis Ababa,Chrome Mobile (Android),Casual Visitor,2024-11-25,True
206,user_0206,Visitor,India,Mumbai,Safari 18.0 (macOS),Shopper,2025-04-09,True
207,user_0207,Visitor,Singapore,Singapore,Chrome 138.0 (Windows 11),Casual Visitor,2026-06-07,True
208,user_0208,Visitor,India,Mumbai,Safari 18.0 (macOS),API Client,2026-05-04,True
209,user_0209,Administrator,Tanzania,Dar es Salaam,Firefox 140.0 (Ubuntu),Registered User,2025-03-01,True
210,user_0210,Visitor,Ethiopia,Addis Ababa,Safari 18.0 (macOS),Casual Visitor,2025-06-09,True
211,user_0211,Visitor,Tanzania,Dar es Salaam,Chrome 138.0 (Windows 11),Shopper,2025-10-11,True
212,user_0212,Customer,Ethiopia,Mekelle,Chrome Mobile (Android),Shopper,2025-06-30,True
213,user_0213,Visitor,United States,New York,Edge 138.0 (Windows 11),Casual Visitor,2024-02-02,True
214,user_0214,Visitor,India,Mumbai,Chrome 138.0 (Windows 11),Casual Visitor,2024-08-18,True
215,user_0215,Visitor,Singapore,Singapore,Edge 138.0 (Windows 11),Registered User,2024-07-13,True
216,user_0216,Visitor,Uganda,Kampala,Chrome 138.0 (Windows 11),Shopper,2023-11-06,True
217,user_0217,Customer,United Kingdom,London,Firefox 140.0 (Ubuntu),Casual Visitor,2025-01-05,True
218,user_0218,Customer,Tanzania,Dar es Salaam,Chrome 138.0 (Windows 11),Casual Visitor,2023-08-31,True
219,user_0219,Customer,India,Mumbai,Chrome Mobile (Android),Shopper,2026-01-28,True
220,user_0220,Visitor,United Kingdom,London,Chrome 138.0 (Windows 11),Shopper,2025-12-06,True
221,user_0221,Visitor,United States,New York,Chrome 138.0 (Windows 11),Casual Visitor,2024-07-21,True
222,user_0222,Customer,Kenya,Mombasa,Chrome 138.0 (Windows 11),Shopper,2026-01-29,False
223,user_0223,Visitor,Ethiopia,Mekelle,Chrome Mobile (Android),API Client,2024-07-06,True
224,user_0224,Administrator,Kenya,Mombasa,Chrome Mobile (Android),Shopper,2023-08-10,True
225,user_0225,API Client,India,Mumbai,Safari 18.0 (macOS),Casual Visitor,2023-11-17,True
226,user_0226,Visitor,United Kingdom,London,Firefox 140.0 (Ubuntu),Casual Visitor,2026-04-05,True
227,user_0227,Visitor,India,Mumbai,Edge 138.0 (Windows 11),Casual Visitor,2023-10-29,True
228,user_0228,Visitor,Kenya,Mombasa,Chrome 138.0 (Windows 11),Shopper,2024-07-19,True
229,user_0229,Visitor,United States,New York,Chrome Mobile (Android),Shopper,2023-11-11,True
230,user_0230,Visitor,United States,Dallas,Chrome 138.0 (Windows 11),Casual Visitor,2023-09-16,True
231,user_0231,Customer,United Kingdom,London,Chrome Mobile (Android),Casual Visitor,2024-12-24,True
232,user_0232,Visitor,Singapore,Singapore,Edge 138.0 (Windows 11),Casual Visitor,2023-11-17,True
233,user_0233,Visitor,India,Mumbai,Firefox 140.0 (Ubuntu),Casual Visitor,2025-10-05,True
234,user_0234,Customer,Ethiopia,Addis Ababa,Chrome Mobile (Android),Casual Visitor,2024-08-02,True
235,user_0235,Customer,Uganda,Kampala,Chrome Mobile (Android),Registered User,2024-10-04,True
236,user_0236,Visitor,India,Mumbai,Firefox 140.0 (Ubuntu),API Client,2026-06-03,True
237,user_0237,Visitor,India,Mumbai,Edge 138.0 (Windows 11),API Client,2025-08-22,True
238,user_0238,Customer,Tanzania,Dar es Salaam,Chrome Mobile (Android),API Client,2024-06-26,True
239,user_0239,Visitor,United States,Dallas,Safari 18.0 (macOS),API Client,2025-11-13,True
240,user_0240,Visitor,Uganda,Kampala,Safari 18.0 (macOS),Registered User,2024-02-20,True
241,user_0241,Visitor,Ethiopia,Addis Ababa,Firefox 140.0 (Ubuntu),Casual Visitor,2026-01-02,True
242,user_0242,Visitor,Uganda,Kampala,Firefox 140.0 (Ubuntu),Registered User,2026-01-10,True
243,user_0243,Visitor,Kenya,Mombasa,Chrome Mobile (Android),Casual Visitor,2025-08-02,True
244,user_0244,Visitor,Ethiopia,Mekelle,Edge 138.0 (Windows 11),Administrator,2024-08-10,True
245,user_0245,Visitor,United Kingdom,London,Edge 138.0 (Windows 11),Administrator,2025-08-02,True
246,user_0246,Visitor,Uganda,Kampala,Chrome 138.0 (Windows 11),Administrator,2025-04-22,True
247,user_0247,Visitor,Tanzania,Dar es Salaam,Chrome Mobile (Android),Shopper,2024-05-20,True
248,user_0248,Visitor,United States,New York,Chrome 138.0 (Windows 11),Casual Visitor,2023-12-23,True
249,user_0249,Visitor,India,Mumbai,Safari 18.0 (macOS),Shopper,2023-12-27,True
250,user_0250,Customer,Singapore,Singapore,Edge 138.0 (Windows 11),Shopper,2026-05-18,True
251,user_0251,Visitor,Tanzania,Dar es Salaam,Chrome 138.0 (Windows 11),Shopper,2025-05-29,True
252,user_0252,Visitor,Singapore,Singapore,Safari 18.0 (macOS),Casual Visitor,2025-01-30,True
253,user_0253,Customer,United Kingdom,London,Edge 138.0 (Windows 11),Registered User,2025-05-18,True
254,user_0254,Visitor,Ethiopia,Mekelle,Edge 138.0 (Windows 11),Shopper,2025-04-28,True
255,user_0255,API Client,Uganda,Kampala,Safari 18.0 (macOS),Shopper,2025-07-24,True
256,user_0256,Visitor,Ethiopia,Mekelle,Firefox 140.0 (Ubuntu),Casual Visitor,2023-10-22,True
257,user_0257,Administrator,Kenya,Mombasa,Chrome Mobile (Android),Casual Visitor,2026-06-10,True
258,user_0258,Visitor,India,Mumbai,Firefox 140.0 (Ubuntu),Casual Visitor,2026-05-10,True
259,user_0259,Visitor,Kenya,Mombasa,Edge 138.0 (Windows 11),Shopper,2026-04-28,True
260,user_0260,Visitor,India,Mumbai,Firefox 140.0 (Ubuntu),Shopper,2023-12-29,True
261,user_0261,Customer,Singapore,Singapore,Safari 18.0 (macOS),Casual Visitor,2023-11-01,True
262,user_0262,Visitor,Uganda,Kampala,Chrome 138.0 (Windows 11),Casual Visitor,2025-04-15,True
263,user_0263,Visitor,India,Mumbai,Safari 18.0 (macOS),Casual Visitor,2025-01-07,True
264,user_0264,Visitor,United Kingdom,London,Chrome 138.0 (Windows 11),Casual Visitor,2024-01-15,True
265,user_0265,API Client,United Kingdom,London,Firefox 140.0 (Ubuntu),Registered User,2024-08-19,True
266,user_0266,Visitor,India,Mumbai,Firefox 140.0 (Ubuntu),Registered User,2024-05-22,True
267,user_0267,Customer,Germany,Berlin,Safari 18.0 (macOS),Administrator,2024-05-20,True
268,user_0268,Visitor,Ethiopia,Addis Ababa,Safari 18.0 (macOS),Casual Visitor,2025-11-09,True
269,user_0269,Customer,Ethiopia,Addis Ababa,Safari 18.0 (macOS),Shopper,2025-06-25,True
270,user_0270,Customer,Ethiopia,Mekelle,Safari 18.0 (macOS),Casual Visitor,2024-03-03,True
271,user_0271,Visitor,India,Mumbai,Chrome 138.0 (Windows 11),Shopper,2025-05-15,True
272,user_0272,Customer,India,Mumbai,Edge 138.0 (Windows 11),Shopper,2024-05-10,True
273,user_0273,Customer,Singapore,Singapore,Firefox 140.0 (Ubuntu),Registered User,2024-10-04,True
274,user_0274,Visitor,Uganda,Kampala,Chrome 138.0 (Windows 11),API Client,2025-07-17,True
275,user_0275,Visitor,Tanzania,Dar es Salaam,Chrome Mobile (Android),Shopper,2024-08-21,True
276,user_0276,Customer,Singapore,Singapore,Chrome 138.0 (Windows 11),Casual Visitor,2023-11-24,True
277,user_0277,Customer,India,Mumbai,Chrome Mobile (Android),Casual Visitor,2025-06-17,False
278,user_0278,Visitor,Ethiopia,Mekelle,Chrome Mobile (Android),Casual Visitor,2025-11-30,True
279,user_0279,Customer,Singapore,Singapore,Firefox 140.0 (Ubuntu),Shopper,2023-12-29,True
280,user_0280,Visitor,Kenya,Nairobi,Edge 138.0 (Windows 11),Casual Visitor,2023-10-16,True
281,user_0281,Administrator,Tanzania,Dar es Salaam,Chrome Mobile (Android),Registered User,2026-05-08,True
282,user_0282,Customer,United States,New York,Chrome Mobile (Android),Casual Visitor,2025-11-15,True
283,user_0283,Visitor,Singapore,Singapore,Firefox 140.0 (Ubuntu),Shopper,2023-08-21,True
284,user_0284,Customer,Uganda,Kampala,Chrome Mobile (Android),Casual Visitor,2023-12-21,True
285,user_0285,Administrator,Ethiopia,Addis Ababa,Chrome Mobile (Android),Casual Visitor,2024-07-31,True
286,user_0286,Visitor,Germany,Berlin,Chrome Mobile (Android),Casual Visitor,2024-04-13,False
287,user_0287,Customer,India,Mumbai,Safari 18.0 (macOS),Casual Visitor,2025-04-21,True
288,user_0288,Visitor,Kenya,Nairobi,Safari 18.0 (macOS),Shopper,2025-08-22,True
289,user_0289,Customer,Uganda,Kampala,Edge 138.0 (Windows 11),Registered User,2025-08-15,True
290,user_0290,Customer,Germany,Berlin,Chrome Mobile (Android),Shopper,2024-06-26,True
291,user_0291,Visitor,India,Mumbai,Firefox 140.0 (Ubuntu),Casual Visitor,2025-04-12,True
292,user_0292,Visitor,Germany,Berlin,Firefox 140.0 (Ubuntu),Registered User,2023-10-29,True
293,user_0293,Customer,United Kingdom,London,Safari 18.0 (macOS),API Client,2024-04-10,True
294,user_0294,Visitor,United States,Dallas,Safari 18.0 (macOS),Shopper,2025-03-09,False
295,user_0295,Visitor,Tanzania,Dar es Salaam,Edge 138.0 (Windows 11),Shopper,2023-08-02,True
296,user_0296,Visitor,India,Mumbai,Chrome 138.0 (Windows 11),Shopper,2025-03-27,True
297,user_0297,Visitor,United Kingdom,London,Safari 18.0 (macOS),Casual Visitor,2024-09-13,True
298,user_0298,Visitor,United Kingdom,London,Chrome Mobile (Android),Shopper,2025-07-05,True
299,user_0299,API Client,Ethiopia,Addis Ababa,Safari 18.0 (macOS),Casual Visitor,2024-10-15,False
300,user_0300,Customer,Singapore,Singapore,Firefox 140.0 (Ubuntu),Shopper,2025-05-17,True
301,user_0301,Visitor,Kenya,Nairobi,Edge 138.0 (Windows 11),Registered User,2025-12-09,True
302,user_0302,Visitor,Uganda,Kampala,Chrome Mobile (Android),Casual Visitor,2026-05-23,True
303,user_0303,Visitor,United States,Dallas,Chrome Mobile (Android),Shopper,2025-08-24,True
304,user_0304,Customer,United States,Dallas,Edge 138.0 (Windows 11),Casual Visitor,2024-03-26,True
305,user_0305,Customer,Germany,Berlin,Chrome 138.0 (Windows 11),Shopper,2024-05-19,True
306,user_0306,Customer,Tanzania,Dar es Salaam,Firefox 140.0 (Ubuntu),Shopper,2024-11-01,True
307,user_0307,Customer,Germany,Berlin,Firefox 140.0 (Ubuntu),Casual Visitor,2024-07-02,True
308,user_0308,Visitor,Ethiopia,Addis Ababa,Edge 138.0 (Windows 11),Shopper,2023-10-28,True
309,user_0309,Visitor,Tanzania,Dar es Salaam,Chrome Mobile (Android),Administrator,2026-01-14,True
310,user_0310,Visitor,Kenya,Nairobi,Chrome Mobile (Android),Casual Visitor,2025-11-18,True
311,user_0311,Visitor,Singapore,Singapore,Firefox 140.0 (Ubuntu),Shopper,2023-11-01,True
312,user_0312,Customer,Singapore,Singapore,Edge 138.0 (Windows 11),Shopper,2024-11-28,True
313,user_0313,Customer,Tanzania,Dar es Salaam,Firefox 140.0 (Ubuntu),Administrator,2023-10-26,False
314,user_0314,Customer,United States,New York,Safari 18.0 (macOS),Casual Visitor,2023-10-15,True
315,user_0315,Visitor,United States,Dallas,Chrome Mobile (Android),Casual Visitor,2026-01-22,False
316,user_0316,Visitor,United Kingdom,London,Edge 138.0 (Windows 11),API Client,2025-08-08,True
317,user_0317,Customer,India,Mumbai,Firefox 140.0 (Ubuntu),Casual Visitor,2025-09-18,True
318,user_0318,Visitor,Singapore,Singapore,Chrome Mobile (Android),Registered User,2025-11-01,True
319,user_0319,Customer,Kenya,Nairobi,Chrome 138.0 (Windows 11),Casual Visitor,2024-03-30,True
320,user_0320,Customer,India,Mumbai,Firefox 140.0 (Ubuntu),Casual Visitor,2023-10-26,True
321,user_0321,Customer,Uganda,Kampala,Safari 18.0 (macOS),Shopper,2025-09-25,True
322,user_0322,Visitor,United States,Dallas,Chrome 138.0 (Windows 11),Administrator,2023-12-01,True
323,user_0323,Administrator,Tanzania,Dar es Salaam,Firefox 140.0 (Ubuntu),Shopper,2024-05-13,True
324,user_0324,Customer,Kenya,Mombasa,Firefox 140.0 (Ubuntu),Administrator,2023-11-13,False
325,user_0325,Visitor,United States,New York,Chrome Mobile (Android),Shopper,2026-02-08,True
326,user_0326,Visitor,United Kingdom,London,Chrome Mobile (Android),Shopper,2023-11-12,True
327,user_0327,Visitor,Uganda,Kampala,Chrome 138.0 (Windows 11),Casual Visitor,2026-06-12,True
328,user_0328,Visitor,United States,New York,Edge 138.0 (Windows 11),Registered User,2024-07-29,True
329,user_0329,Customer,Tanzania,Dar es Salaam,Safari 18.0 (macOS),Registered User,2025-04-17,True
330,user_0330,Customer,Ethiopia,Mekelle,Firefox 140.0 (Ubuntu),API Client,2024-02-01,True
331,user_0331,Visitor,Tanzania,Dar es Salaam,Firefox 140.0 (Ubuntu),Shopper,2025-12-30,True
332,user_0332,Customer,United Kingdom,London,Chrome Mobile (Android),Casual Visitor,2024-08-15,True
333,user_0333,Customer,Tanzania,Dar es Salaam,Safari 18.0 (macOS),Casual Visitor,2026-01-14,True
334,user_0334,Customer,Singapore,Singapore,Edge 138.0 (Windows 11),Casual Visitor,2026-02-07,True
335,user_0335,Visitor,Uganda,Kampala,Chrome Mobile (Android),Casual Visitor,2023-09-29,True
336,user_0336,Customer,India,Mumbai,Chrome Mobile (Android),Registered User,2026-03-18,True
337,user_0337,Visitor,India,Mumbai,Chrome Mobile (Android),Casual Visitor,2023-12-04,True
338,user_0338,Customer,Singapore,Singapore,Firefox 140.0 (Ubuntu),Casual Visitor,2025-05-11,True
339,user_0339,Customer,India,Mumbai,Chrome Mobile (Android),Shopper,2026-05-16,True
340,user_0340,Visitor,India,Mumbai,Chrome Mobile (Android),Shopper,2026-01-21,True
341,user_0341,Customer,Singapore,Singapore,Edge 138.0 (Windows 11),Registered User,2025-12-24,True
342,user_0342,Customer,Kenya,Nairobi,Chrome 138.0 (Windows 11),Shopper,2025-10-19,True
343,user_0343,Administrator,Singapore,Singapore,Chrome 138.0 (Windows 11),API Client,2024-12-02,True
344,user_0344,Visitor,United States,Dallas,Firefox 140.0 (Ubuntu),Registered User,2024-09-07,False
345,user_0345,API Client,Germany,Berlin,Safari 18.0 (macOS),Shopper,2024-06-11,True
346,user_0346,Visitor,Germany,Berlin,Chrome Mobile (Android),Casual Visitor,2026-06-04,True
347,user_0347,API Client,Ethiopia,Addis Ababa,Safari 18.0 (macOS),Shopper,2024-11-29,True
348,user_0348,Customer,Tanzania,Dar es Salaam,Edge 138.0 (Windows 11),Shopper,2024-08-03,True
349,user_0349,Customer,Germany,Berlin,Firefox 140.0 (Ubuntu),Shopper,2024-09-14,True
350,user_0350,Visitor,Tanzania,Dar es Salaam,Safari 18.0 (macOS),Shopper,2025-04-04,True
351,user_0351,Visitor,Kenya,Nairobi,Chrome 138.0 (Windows 11),Shopper,2024-02-18,True
352,user_0352,Customer,Kenya,Nairobi,Safari 18.0 (macOS),Shopper,2026-06-07,True
353,user_0353,Visitor,Kenya,Nairobi,Edge 138.0 (Windows 11),Casual Visitor,2026-04-27,True
354,user_0354,Visitor,United Kingdom,London,Firefox 140.0 (Ubuntu),API Client,2024-11-07,True
355,user_0355,Visitor,Germany,Berlin,Chrome Mobile (Android),Administrator,2025-07-09,True
356,user_0356,Customer,Uganda,Kampala,Chrome 138.0 (Windows 11),API Client,2024-12-02,True
357,user_0357,Customer,Germany,Berlin,Safari 18.0 (macOS),Casual Visitor,2023-11-19,True
358,user_0358,Visitor,Singapore,Singapore,Firefox 140.0 (Ubuntu),Casual Visitor,2023-08-13,True
359,user_0359,Customer,India,Mumbai,Safari 18.0 (macOS),Shopper,2025-07-10,True
360,user_0360,Visitor,Tanzania,Dar es Salaam,Chrome 138.0 (Windows 11),Administrator,2026-03-20,True
361,user_0361,Visitor,Ethiopia,Addis Ababa,Safari 18.0 (macOS),Shopper,2025-12-20,True
362,user_0362,Customer,Ethiopia,Addis Ababa,Chrome Mobile (Android),Registered User,2024-01-01,True
363,user_0363,Customer,India,Mumbai,Edge 138.0 (Windows 11),Casual Visitor,2023-11-20,True
364,user_0364,API Client,Tanzania,Dar es Salaam,Chrome 138.0 (Windows 11),Registered User,2025-11-11,True
365,user_0365,Visitor,Tanzania,Dar es Salaam,Firefox 140.0 (Ubuntu),Shopper,2024-06-25,True
366,user_0366,Visitor,Germany,Berlin,Edge 138.0 (Windows 11),Casual Visitor,2025-09-22,True
367,user_0367,Visitor,India,Mumbai,Safari 18.0 (macOS),Registered User,2024-09-13,True
368,user_0368,Visitor,Tanzania,Dar es Salaam,Chrome 138.0 (Windows 11),Shopper,2024-02-20,True
369,user_0369,Visitor,Uganda,Kampala,Chrome Mobile (Android),Shopper,2025-01-22,True
370,user_0370,Visitor,Uganda,Kampala,Safari 18.0 (macOS),Shopper,2023-11-13,True
371,user_0371,Visitor,Singapore,Singapore,Safari 18.0 (macOS),API Client,2024-08-12,True
372,user_0372,Visitor,India,Mumbai,Edge 138.0 (Windows 11),Casual Visitor,2025-02-23,True
373,user_0373,Administrator,India,Mumbai,Chrome Mobile (Android),API Client,2024-10-14,False
374,user_0374,Customer,Singapore,Singapore,Chrome 138.0 (Windows 11),Administrator,2024-03-31,True
375,user_0375,Visitor,Kenya,Mombasa,Firefox 140.0 (Ubuntu),Casual Visitor,2025-06-09,True
376,user_0376,Visitor,Tanzania,Dar es Salaam,Chrome Mobile (Android),Shopper,2025-11-19,True
377,user_0377,Visitor,India,Mumbai,Chrome Mobile (Android),Shopper,2024-11-10,True
378,user_0378,Visitor,Singapore,Singapore,Edge 138.0 (Windows 11),Casual Visitor,2026-03-06,True
379,user_0379,Visitor,Germany,Berlin,Chrome 138.0 (Windows 11),Shopper,2026-05-10,True
380,user_0380,Customer,Singapore,Singapore,Edge 138.0 (Windows 11),Registered User,2025-10-28,True
381,user_0381,Customer,Germany,Berlin,Firefox 140.0 (Ubuntu),Casual Visitor,2023-08-11,True
382,user_0382,Visitor,Ethiopia,Addis Ababa,Safari 18.0 (macOS),Casual Visitor,2026-06-01,True
383,user_0383,Visitor,Kenya,Nairobi,Safari 18.0 (macOS),Shopper,2025-12-07,True
384,user_0384,Visitor,Ethiopia,Addis Ababa,Chrome Mobile (Android),Shopper,2024-11-06,True
385,user_0385,Customer,Ethiopia,Mekelle,Chrome Mobile (Android),Shopper,2026-05-25,True
386,user_0386,API Client,United Kingdom,London,Chrome Mobile (Android),Casual Visitor,2024-01-06,True
387,user_0387,Visitor,Germany,Berlin,Chrome Mobile (Android),Casual Visitor,2024-02-23,True
388,user_0388,Visitor,Germany,Berlin,Firefox 140.0 (Ubuntu),Registered User,2024-09-12,True
389,user_0389,Visitor,Ethiopia,Mekelle,Safari 18.0 (macOS),Casual Visitor,2024-01-25,True
390,user_0390,Visitor,Germany,Berlin,Edge 138.0 (Windows 11),Registered User,2024-01-12,True
391,user_0391,Customer,Tanzania,Dar es Salaam,Safari 18.0 (macOS),Shopper,2025-12-05,True
392,user_0392,Customer,Germany,Berlin,Edge 138.0 (Windows 11),Registered User,2024-03-27,True
393,user_0393,Visitor,Ethiopia,Mekelle,Firefox 140.0 (Ubuntu),Registered User,2024-09-25,True
394,user_0394,Visitor,Ethiopia,Addis Ababa,Edge 138.0 (Windows 11),Shopper,2024-10-09,True
395,user_0395,Visitor,Ethiopia,Addis Ababa,Safari 18.0 (macOS),Shopper,2026-02-23,True
396,user_0396,Visitor,Germany,Berlin,Edge 138.0 (Windows 11),Shopper,2024-06-21,True
397,user_0397,Visitor,United Kingdom,London,Safari 18.0 (macOS),Casual Visitor,2025-01-12,True
398,user_0398,Customer,Singapore,Singapore,Firefox 140.0 (Ubuntu),Shopper,2024-06-10,True
399,user_0399,Visitor,United States,Dallas,Firefox 140.0 (Ubuntu),Casual Visitor,2026-04-10,True
400,user_0400,Visitor,Germany,Berlin,Chrome 138.0 (Windows 11),Casual Visitor,2024-09-12,True
401,user_0401,Visitor,India,Mumbai,Firefox 140.0 (Ubuntu),Casual Visitor,2025-09-22,True
402,user_0402,Customer,United Kingdom,London,Edge 138.0 (Windows 11),Shopper,2025-08-26,True
403,user_0403,Visitor,Uganda,Kampala,Firefox 140.0 (Ubuntu),Shopper,2024-08-23,True
404,user_0404,Visitor,Germany,Berlin,Safari 18.0 (macOS),API Client,2023-10-16,True
405,user_0405,Visitor,United Kingdom,London,Safari 18.0 (macOS),Casual Visitor,2023-12-20,True
406,user_0406,Customer,Tanzania,Dar es Salaam,Chrome Mobile (Android),Casual Visitor,2026-04-10,True
407,user_0407,Customer,Tanzania,Dar es Salaam,Chrome 138.0 (Windows 11),Registered User,2025-05-18,True
408,user_0408,Visitor,Germany,Berlin,Edge 138.0 (Windows 11),Casual Visitor,2024-10-01,True
409,user_0409,Visitor,Germany,Berlin,Chrome Mobile (Android),Shopper,2023-10-06,True
410,user_0410,Visitor,Singapore,Singapore,Edge 138.0 (Windows 11),Registered User,2023-08-04,True
411,user_0411,Customer,Ethiopia,Addis Ababa,Edge 138.0 (Windows 11),Casual Visitor,2024-12-29,True
412,user_0412,API Client,Germany,Berlin,Safari 18.0 (macOS),Casual Visitor,2024-02-18,True
413,user_0413,Visitor,Tanzania,Dar es Salaam,Safari 18.0 (macOS),Shopper,2026-04-14,True
414,user_0414,Visitor,Singapore,Singapore,Chrome 138.0 (Windows 11),Shopper,2024-09-08,True
415,user_0415,Customer,Ethiopia,Addis Ababa,Firefox 140.0 (Ubuntu),Casual Visitor,2024-04-06,True
416,user_0416,Visitor,Tanzania,Dar es Salaam,Chrome 138.0 (Windows 11),Shopper,2025-06-15,True
417,user_0417,Visitor,United Kingdom,London,Chrome 138.0 (Windows 11),Casual Visitor,2025-12-03,True
418,user_0418,Administrator,Ethiopia,Addis Ababa,Firefox 140.0 (Ubuntu),Shopper,2025-05-24,True
419,user_0419,API Client,United Kingdom,London,Firefox 140.0 (Ubuntu),Registered User,2025-12-17,True
420,user_0420,Visitor,Uganda,Kampala,Chrome Mobile (Android),Registered User,2023-08-14,True
421,user_0421,Visitor,Germany,Berlin,Firefox 140.0 (Ubuntu),Casual Visitor,2024-01-19,True
422,user_0422,Customer,Ethiopia,Addis Ababa,Chrome Mobile (Android),Casual Visitor,2023-11-23,True
423,user_0423,Visitor,India,Mumbai,Safari 18.0 (macOS),Shopper,2024-03-17,True
424,user_0424,Customer,Germany,Berlin,Edge 138.0 (Windows 11),Casual Visitor,2025-11-23,True
425,user_0425,Administrator,Uganda,Kampala,Chrome Mobile (Android),Casual Visitor,2023-09-23,True
426,user_0426,Visitor,Ethiopia,Addis Ababa,Firefox 140.0 (Ubuntu),Casual Visitor,2025-02-22,True
427,user_0427,Customer,Germany,Berlin,Chrome Mobile (Android),Casual Visitor,2026-01-19,True
428,user_0428,Customer,Singapore,Singapore,Safari 18.0 (macOS),Casual Visitor,2025-12-04,True
429,user_0429,Customer,India,Mumbai,Chrome 138.0 (Windows 11),Shopper,2024-03-16,True
430,user_0430,Visitor,Germany,Berlin,Safari 18.0 (macOS),Shopper,2025-05-27,True
431,user_0431,Visitor,India,Mumbai,Chrome 138.0 (Windows 11),Registered User,2024-02-12,True
432,user_0432,Visitor,Kenya,Mombasa,Edge 138.0 (Windows 11),Casual Visitor,2023-10-02,True
433,user_0433,Customer,India,Mumbai,Edge 138.0 (Windows 11),Registered User,2024-11-19,True
434,user_0434,Customer,United Kingdom,London,Safari 18.0 (macOS),Shopper,2025-02-15,False
435,user_0435,Visitor,Ethiopia,Addis Ababa,Chrome 138.0 (Windows 11),Shopper,2023-09-29,True
436,user_0436,Customer,Ethiopia,Mekelle,Chrome 138.0 (Windows 11),Registered User,2025-02-04,True
437,user_0437,Visitor,United Kingdom,London,Firefox 140.0 (Ubuntu),Registered User,2024-06-20,True
438,user_0438,Visitor,Kenya,Mombasa,Chrome Mobile (Android),Shopper,2026-06-23,True
439,user_0439,Customer,United States,Dallas,Chrome Mobile (Android),API Client,2024-08-20,True
440,user_0440,API Client,Ethiopia,Addis Ababa,Safari 18.0 (macOS),Administrator,2026-05-31,False
441,user_0441,Visitor,Uganda,Kampala,Edge 138.0 (Windows 11),Registered User,2024-01-05,True
442,user_0442,Visitor,Germany,Berlin,Edge 138.0 (Windows 11),Shopper,2025-01-29,True
443,user_0443,Visitor,Ethiopia,Addis Ababa,Edge 138.0 (Windows 11),Shopper,2025-12-15,True
444,user_0444,Visitor,India,Mumbai,Chrome 138.0 (Windows 11),Registered User,2025-04-21,True
445,user_0445,Customer,Ethiopia,Mekelle,Edge 138.0 (Windows 11),Registered User,2026-03-20,True
446,user_0446,API Client,Germany,Berlin,Firefox 140.0 (Ubuntu),Shopper,2024-03-26,True
447,user_0447,Visitor,United States,Dallas,Firefox 140.0 (Ubuntu),Shopper,2024-07-31,True
448,user_0448,Visitor,United Kingdom,London,Safari 18.0 (macOS),Casual Visitor,2024-04-07,True
449,user_0449,Visitor,Uganda,Kampala,Safari 18.0 (macOS),Casual Visitor,2024-04-30,True
450,user_0450,Visitor,Uganda,Kampala,Edge 138.0 (Windows 11),Casual Visitor,2025-04-30,True
451,user_0451,Customer,Ethiopia,Mekelle,Firefox 140.0 (Ubuntu),Casual Visitor,2023-09-06,True
452,user_0452,Customer,Tanzania,Dar es Salaam,Chrome 138.0 (Windows 11),Casual Visitor,2024-05-03,True
453,user_0453,Visitor,Uganda,Kampala,Safari 18.0 (macOS),Casual Visitor,2024-12-27,True
454,user_0454,Customer,Ethiopia,Mekelle,Safari 18.0 (macOS),Casual Visitor,2025-04-29,True
455,user_0455,Visitor,Ethiopia,Addis Ababa,Edge 138.0 (Windows 11),Casual Visitor,2026-06-04,True
456,user_0456,Visitor,Uganda,Kampala,Chrome Mobile (Android),Casual Visitor,2024-08-18,True
457,user_0457,Customer,India,Mumbai,Firefox 140.0 (Ubuntu),Administrator,2024-09-16,True
458,user_0458,Visitor,India,Mumbai,Chrome 138.0 (Windows 11),Casual Visitor,2024-04-02,True
459,user_0459,API Client,Germany,Berlin,Edge 138.0 (Windows 11),Registered User,2024-01-13,True
460,user_0460,Customer,Ethiopia,Addis Ababa,Chrome Mobile (Android),Registered User,2025-03-15,True
461,user_0461,Visitor,Kenya,Mombasa,Chrome Mobile (Android),Shopper,2023-09-28,True
462,user_0462,Customer,United States,New York,Firefox 140.0 (Ubuntu),Shopper,2025-07-30,True
463,user_0463,Visitor,India,Mumbai,Chrome 138.0 (Windows 11),API Client,2024-07-09,True
464,user_0464,Customer,Uganda,Kampala,Chrome Mobile (Android),Shopper,2024-06-04,True
465,user_0465,API Client,Uganda,Kampala,Chrome 138.0 (Windows 11),Casual Visitor,2025-07-14,True
466,user_0466,Visitor,United States,New York,Chrome 138.0 (Windows 11),Administrator,2025-01-23,True
467,user_0467,Visitor,United States,Dallas,Safari 18.0 (macOS),Casual Visitor,2024-11-15,True
468,user_0468,Visitor,Uganda,Kampala,Chrome 138.0 (Windows 11),Shopper,2024-07-17,True
469,user_0469,Visitor,Uganda,Kampala,Chrome 138.0 (Windows 11),Casual Visitor,2024-07-10,True
470,user_0470,Visitor,Tanzania,Dar es Salaam,Safari 18.0 (macOS),Casual Visitor,2023-09-04,True
471,user_0471,Customer,Kenya,Mombasa,Firefox 140.0 (Ubuntu),Casual Visitor,2026-05-20,True
472,user_0472,Visitor,Kenya,Nairobi,Edge 138.0 (Windows 11),Shopper,2024-05-25,True
473,user_0473,Visitor,United States,New York,Edge 138.0 (Windows 11),Registered User,2025-04-08,True
474,user_0474,Customer,Kenya,Mombasa,Edge 138.0 (Windows 11),Shopper,2024-12-20,True
475,user_0475,Visitor,Ethiopia,Mekelle,Edge 138.0 (Windows 11),Casual Visitor,2024-10-04,True
476,user_0476,Visitor,Uganda,Kampala,Chrome 138.0 (Windows 11),Registered User,2023-11-14,True
477,user_0477,Customer,Ethiopia,Addis Ababa,Chrome 138.0 (Windows 11),Casual Visitor,2024-10-05,True
478,user_0478,Visitor,Tanzania,Dar es Salaam,Safari 18.0 (macOS),Administrator,2025-01-25,True
479,user_0479,Visitor,Kenya,Mombasa,Firefox 140.0 (Ubuntu),Shopper,2026-04-21,True
480,user_0480,Customer,United States,New York,Chrome 138.0 (Windows 11),Shopper,2025-09-28,True
481,user_0481,Customer,Uganda,Kampala,Chrome 138.0 (Windows 11),API Client,2025-04-10,True
482,user_0482,Customer,India,Mumbai,Edge 138.0 (Windows 11),Casual Visitor,2026-06-19,True
483,user_0483,Visitor,Kenya,Mombasa,Chrome Mobile (Android),Registered User,2025-11-08,True
484,user_0484,Visitor,Tanzania,Dar es Salaam,Safari 18.0 (macOS),API Client,2024-12-25,True
485,user_0485,Visitor,Singapore,Singapore,Safari 18.0 (macOS),Casual Visitor,2023-09-10,True
486,user_0486,Visitor,Kenya,Mombasa,Safari 18.0 (macOS),Registered User,2024-01-25,True
487,user_0487,Visitor,Ethiopia,Addis Ababa,Firefox 140.0 (Ubuntu),Shopper,2024-09-07,False
488,user_0488,Visitor,Uganda,Kampala,Firefox 140.0 (Ubuntu),Registered User,2024-05-02,True
489,user_0489,API Client,United Kingdom,London,Chrome 138.0 (Windows 11),Shopper,2026-01-16,True
490,user_0490,Customer,Germany,Berlin,Chrome 138.0 (Windows 11),Shopper,2024-09-14,False
491,user_0491,Visitor,Tanzania,Dar es Salaam,Edge 138.0 (Windows 11),Administrator,2023-09-27,True
492,user_0492,Visitor,United Kingdom,London,Firefox 140.0 (Ubuntu),Casual Visitor,2024-01-14,True
493,user_0493,Visitor,Ethiopia,Addis Ababa,Safari 18.0 (macOS),Shopper,2026-02-10,True
494,user_0494,API Client,Singapore,Singapore,Firefox 140.0 (Ubuntu),Shopper,2025-06-04,True
495,user_0495,Visitor,Ethiopia,Addis Ababa,Edge 138.0 (Windows 11),Registered User,2025-01-17,True
496,user_0496,Customer,Kenya,Nairobi,Edge 138.0 (Windows 11),Casual Visitor,2024-11-28,True
497,user_0497,Visitor,United Kingdom,London,Edge 138.0 (Windows 11),Casual Visitor,2025-06-06,False
498,user_0498,Customer,Kenya,Mombasa,Chrome Mobile (Android),Registered User,2026-02-25,True
499,user_0499,Customer,India,Mumbai,Firefox 140.0 (Ubuntu),Casual Visitor,2025-10-01,True
500,user_0500,Visitor,Tanzania,Dar es Salaam,Safari 18.0 (macOS),Casual Visitor,2024-01-25,True
501,user_0501,Administrator,Ethiopia,Mekelle,Chrome 138.0 (Windows 11),Casual Visitor,2025-03-19,True
502,user_0502,Visitor,India,Mumbai,Edge 138.0 (Windows 11),Casual Visitor,2026-01-10,True
503,user_0503,Administrator,Kenya,Nairobi,Safari 18.0 (macOS),Registered User,2024-05-20,True
504,user_0504,Customer,Kenya,Mombasa,Firefox 140.0 (Ubuntu),Casual Visitor,2024-08-28,True
505,user_0505,Visitor,United States,Dallas,Firefox 140.0 (Ubuntu),Casual Visitor,2023-10-06,True
506,user_0506,Visitor,Tanzania,Dar es Salaam,Chrome Mobile (Android),Shopper,2025-06-06,True
507,user_0507,Visitor,Germany,Berlin,Chrome Mobile (Android),Casual Visitor,2023-08-01,False
508,user_0508,API Client,Singapore,Singapore,Edge 138.0 (Windows 11),Shopper,2025-10-14,True
509,user_0509,Visitor,United Kingdom,London,Firefox 140.0 (Ubuntu),Casual Visitor,2025-11-12,True
510,user_0510,Visitor,Kenya,Mombasa,Safari 18.0 (macOS),Shopper,2026-06-05,True
511,user_0511,Visitor,Tanzania,Dar es Salaam,Firefox 140.0 (Ubuntu),Casual Visitor,2024-05-31,True
512,user_0512,Customer,Kenya,Nairobi,Safari 18.0 (macOS),Casual Visitor,2025-02-14,True
513,user_0513,Visitor,Uganda,Kampala,Edge 138.0 (Windows 11),Registered User,2025-05-29,True
514,user_0514,Administrator,Kenya,Mombasa,Chrome Mobile (Android),Casual Visitor,2023-11-15,True
515,user_0515,Visitor,India,Mumbai,Chrome 138.0 (Windows 11),Casual Visitor,2026-05-26,True
516,user_0516,Visitor,Tanzania,Dar es Salaam,Chrome 138.0 (Windows 11),Casual Visitor,2024-12-23,True
517,user_0517,Customer,Uganda,Kampala,Edge 138.0 (Windows 11),Casual Visitor,2026-03-24,True
518,user_0518,Customer,Uganda,Kampala,Edge 138.0 (Windows 11),API Client,2024-11-28,True
519,user_0519,Visitor,Germany,Berlin,Edge 138.0 (Windows 11),Casual Visitor,2026-05-25,True
520,user_0520,Customer,Germany,Berlin,Firefox 140.0 (Ubuntu),Registered User,2024-02-08,True
521,user_0521,Customer,United Kingdom,London,Firefox 140.0 (Ubuntu),Casual Visitor,2024-11-07,True
522,user_0522,Visitor,United States,New York,Chrome 138.0 (Windows 11),Administrator,2025-09-24,True
523,user_0523,Visitor,Germany,Berlin,Edge 138.0 (Windows 11),Administrator,2024-11-21,False
524,user_0524,Administrator,Tanzania,Dar es Salaam,Firefox 140.0 (Ubuntu),Casual Visitor,2026-05-30,True
525,user_0525,Visitor,United Kingdom,London,Chrome 138.0 (Windows 11),Registered User,2025-04-24,True
526,user_0526,Visitor,United Kingdom,London,Firefox 140.0 (Ubuntu),Casual Visitor,2024-12-17,True
527,user_0527,Customer,United States,New York,Chrome 138.0 (Windows 11),Casual Visitor,2025-04-15,True
528,user_0528,Visitor,Uganda,Kampala,Safari 18.0 (macOS),Casual Visitor,2024-10-31,True
529,user_0529,Visitor,India,Mumbai,Chrome 138.0 (Windows 11),Registered User,2025-12-07,True
530,user_0530,Visitor,Kenya,Mombasa,Chrome 138.0 (Windows 11),Casual Visitor,2024-02-12,True
531,user_0531,Customer,Germany,Berlin,Chrome Mobile (Android),Administrator,2024-05-23,False
532,user_0532,Customer,United Kingdom,London,Safari 18.0 (macOS),Administrator,2025-05-13,True
533,user_0533,Visitor,Germany,Berlin,Edge 138.0 (Windows 11),Casual Visitor,2026-05-27,True
534,user_0534,Customer,Singapore,Singapore,Edge 138.0 (Windows 11),Casual Visitor,2025-03-09,True
535,user_0535,Visitor,Singapore,Singapore,Edge 138.0 (Windows 11),Casual Visitor,2026-06-16,True
536,user_0536,Visitor,India,Mumbai,Firefox 140.0 (Ubuntu),Casual Visitor,2024-04-25,True
537,user_0537,Customer,Ethiopia,Mekelle,Edge 138.0 (Windows 11),Registered User,2026-03-12,True
538,user_0538,Customer,United States,New York,Safari 18.0 (macOS),Casual Visitor,2025-12-30,True
539,user_0539,Visitor,United Kingdom,London,Edge 138.0 (Windows 11),Shopper,2024-11-08,True
540,user_0540,Visitor,United States,New York,Chrome 138.0 (Windows 11),Casual Visitor,2025-04-20,True
541,user_0541,API Client,Singapore,Singapore,Chrome Mobile (Android),Casual Visitor,2025-11-27,True
542,user_0542,API Client,Germany,Berlin,Safari 18.0 (macOS),Shopper,2023-07-30,True
543,user_0543,Visitor,United States,New York,Chrome 138.0 (Windows 11),Shopper,2024-11-13,True
544,user_0544,Administrator,Uganda,Kampala,Safari 18.0 (macOS),Casual Visitor,2024-10-17,False
545,user_0545,Visitor,Tanzania,Dar es Salaam,Safari 18.0 (macOS),Casual Visitor,2024-06-20,True
546,user_0546,Customer,Tanzania,Dar es Salaam,Edge 138.0 (Windows 11),Casual Visitor,2025-05-27,True
547,user_0547,Visitor,Ethiopia,Addis Ababa,Safari 18.0 (macOS),Shopper,2026-01-15,True
548,user_0548,Administrator,Singapore,Singapore,Chrome 138.0 (Windows 11),Registered User,2026-02-26,True
549,user_0549,Visitor,Singapore,Singapore,Firefox 140.0 (Ubuntu),Casual Visitor,2026-05-12,True
550,user_0550,Customer,Ethiopia,Addis Ababa,Chrome 138.0 (Windows 11),Registered User,2024-12-11,True
551,user_0551,Visitor,United Kingdom,London,Safari 18.0 (macOS),Shopper,2025-07-21,True
552,user_0552,Visitor,Uganda,Kampala,Chrome Mobile (Android),Shopper,2025-06-15,True
553,user_0553,Customer,Kenya,Mombasa,Edge 138.0 (Windows 11),Shopper,2025-06-15,True
554,user_0554,Customer,India,Mumbai,Chrome 138.0 (Windows 11),Casual Visitor,2026-06-13,True
555,user_0555,Customer,United States,Dallas,Chrome 138.0 (Windows 11),API Client,2024-06-25,True
556,user_0556,Customer,United States,Dallas,Edge 138.0 (Windows 11),Casual Visitor,2025-10-01,True
557,user_0557,Visitor,Ethiopia,Addis Ababa,Safari 18.0 (macOS),Registered User,2025-08-03,True
558,user_0558,Visitor,United Kingdom,London,Firefox 140.0 (Ubuntu),Casual Visitor,2024-04-18,True
559,user_0559,Customer,Germany,Berlin,Chrome Mobile (Android),Registered User,2026-05-18,True
560,user_0560,Customer,Tanzania,Dar es Salaam,Firefox 140.0 (Ubuntu),Casual Visitor,2023-12-08,True
561,user_0561,Visitor,United Kingdom,London,Safari 18.0 (macOS),Shopper,2024-10-12,True
562,user_0562,Visitor,Ethiopia,Addis Ababa,Safari 18.0 (macOS),Shopper,2025-10-07,True
563,user_0563,Visitor,India,Mumbai,Edge 138.0 (Windows 11),Registered User,2026-05-26,True
564,user_0564,Visitor,United States,New York,Firefox 140.0 (Ubuntu),Registered User,2026-04-08,True
565,user_0565,Customer,Tanzania,Dar es Salaam,Firefox 140.0 (Ubuntu),Casual Visitor,2026-03-17,True
566,user_0566,Visitor,Kenya,Nairobi,Firefox 140.0 (Ubuntu),Shopper,2024-12-31,True
567,user_0567,Visitor,Kenya,Nairobi,Edge 138.0 (Windows 11),Registered User,2023-12-22,True
568,user_0568,Customer,United States,Dallas,Edge 138.0 (Windows 11),Shopper,2024-07-28,True
569,user_0569,Customer,United States,Dallas,Chrome 138.0 (Windows 11),Shopper,2026-06-09,True
570,user_0570,Visitor,United Kingdom,London,Chrome 138.0 (Windows 11),Shopper,2024-11-23,True
571,user_0571,Customer,United States,Dallas,Edge 138.0 (Windows 11),Shopper,2024-07-12,False
572,user_0572,Visitor,United States,New York,Firefox 140.0 (Ubuntu),Registered User,2024-06-03,True
573,user_0573,Customer,Germany,Berlin,Chrome 138.0 (Windows 11),Shopper,2024-03-14,False
574,user_0574,Visitor,United States,Dallas,Chrome 138.0 (Windows 11),Shopper,2023-09-05,False
575,user_0575,Customer,Tanzania,Dar es Salaam,Firefox 140.0 (Ubuntu),Shopper,2023-10-09,True
576,user_0576,Visitor,India,Mumbai,Firefox 140.0 (Ubuntu),Registered User,2024-08-13,True
577,user_0577,Visitor,Uganda,Kampala,Firefox 140.0 (Ubuntu),Registered User,2025-08-06,True
578,user_0578,Administrator,Singapore,Singapore,Edge 138.0 (Windows 11),Shopper,2026-03-05,True
579,user_0579,Visitor,Tanzania,Dar es Salaam,Edge 138.0 (Windows 11),Casual Visitor,2023-11-20,True
580,user_0580,Visitor,India,Mumbai,Chrome Mobile (Android),Shopper,2025-07-06,True
581,user_0581,Visitor,India,Mumbai,Safari 18.0 (macOS),Shopper,2025-05-03,True
582,user_0582,API Client,Uganda,Kampala,Edge 138.0 (Windows 11),Shopper,2026-04-03,True
583,user_0583,Visitor,India,Mumbai,Firefox 140.0 (Ubuntu),Registered User,2026-01-09,True
584,user_0584,Customer,Uganda,Kampala,Chrome 138.0 (Windows 11),Shopper,2024-05-27,True
585,user_0585,Visitor,Uganda,Kampala,Chrome 138.0 (Windows 11),Casual Visitor,2025-03-17,True
586,user_0586,Visitor,Germany,Berlin,Safari 18.0 (macOS),Casual Visitor,2025-09-04,True
587,user_0587,API Client,Tanzania,Dar es Salaam,Edge 138.0 (Windows 11),Registered User,2025-04-10,True
588,user_0588,Customer,Kenya,Nairobi,Firefox 140.0 (Ubuntu),Casual Visitor,2024-08-12,True
589,user_0589,Visitor,United States,New York,Chrome Mobile (Android),Shopper,2024-03-15,True
590,user_0590,Administrator,Kenya,Mombasa,Safari 18.0 (macOS),Registered User,2026-05-14,True
591,user_0591,Customer,United Kingdom,London,Firefox 140.0 (Ubuntu),Casual Visitor,2023-08-07,True
592,user_0592,Visitor,United Kingdom,London,Safari 18.0 (macOS),Casual Visitor,2024-01-11,True
593,user_0593,Customer,Uganda,Kampala,Chrome Mobile (Android),Shopper,2025-05-20,True
594,user_0594,Customer,Kenya,Mombasa,Edge 138.0 (Windows 11),Registered User,2024-07-03,True
595,user_0595,Customer,Kenya,Nairobi,Chrome 138.0 (Windows 11),Casual Visitor,2024-04-28,True
596,user_0596,Visitor,India,Mumbai,Edge 138.0 (Windows 11),Shopper,2025-10-11,True
597,user_0597,Visitor,Kenya,Mombasa,Chrome 138.0 (Windows 11),Shopper,2025-07-20,True
598,user_0598,Customer,Uganda,Kampala,Chrome 138.0 (Windows 11),Shopper,2023-10-16,True
599,user_0599,Customer,United States,New York,Safari 18.0 (macOS),Casual Visitor,2025-12-11,True
600,user_0600,Visitor,United States,New York,Safari 18.0 (macOS),Casual Visitor,2024-08-20,True
601,user_0601,Customer,India,Mumbai,Safari 18.0 (macOS),Casual Visitor,2024-02-03,True
602,user_0602,Customer,Ethiopia,Addis Ababa,Safari 18.0 (macOS),Casual Visitor,2025-07-08,True
603,user_0603,Customer,Singapore,Singapore,Chrome 138.0 (Windows 11),Administrator,2024-02-22,True
604,user_0604,Visitor,India,Mumbai,Chrome 138.0 (Windows 11),Casual Visitor,2025-07-20,True
605,user_0605,Visitor,Kenya,Mombasa,Edge 138.0 (Windows 11),Shopper,2026-06-01,True
606,user_0606,Customer,Kenya,Nairobi,Firefox 140.0 (Ubuntu),Casual Visitor,2025-11-01,True
607,user_0607,Visitor,United States,New York,Edge 138.0 (Windows 11),Casual Visitor,2025-12-14,True
608,user_0608,Customer,India,Mumbai,Safari 18.0 (macOS),Registered User,2026-02-09,True
609,user_0609,Visitor,Uganda,Kampala,Chrome 138.0 (Windows 11),API Client,2024-12-03,True
610,user_0610,Administrator,Ethiopia,Mekelle,Safari 18.0 (macOS),Registered User,2025-06-16,True
611,user_0611,Customer,Uganda,Kampala,Chrome Mobile (Android),Casual Visitor,2026-03-07,True
612,user_0612,Administrator,Uganda,Kampala,Chrome 138.0 (Windows 11),Registered User,2025-09-21,True
613,user_0613,Customer,Ethiopia,Mekelle,Chrome 138.0 (Windows 11),Registered User,2025-05-22,True
614,user_0614,Visitor,Tanzania,Dar es Salaam,Chrome Mobile (Android),Casual Visitor,2025-11-27,True
615,user_0615,Visitor,Tanzania,Dar es Salaam,Safari 18.0 (macOS),Casual Visitor,2025-06-21,True
616,user_0616,Customer,Kenya,Nairobi,Firefox 140.0 (Ubuntu),Shopper,2024-04-02,True
617,user_0617,Visitor,India,Mumbai,Safari 18.0 (macOS),Casual Visitor,2025-08-05,True
618,user_0618,Visitor,United States,New York,Chrome Mobile (Android),Shopper,2025-06-28,True
619,user_0619,Visitor,Tanzania,Dar es Salaam,Chrome Mobile (Android),Shopper,2024-09-04,True
620,user_0620,Visitor,India,Mumbai,Safari 18.0 (macOS),Registered User,2024-08-17,True
621,user_0621,Visitor,Germany,Berlin,Chrome Mobile (Android),Casual Visitor,2026-04-15,True
622,user_0622,Customer,United States,New York,Safari 18.0 (macOS),API Client,2024-10-02,True
623,user_0623,Customer,Kenya,Nairobi,Edge 138.0 (Windows 11),Shopper,2025-10-16,True
624,user_0624,Customer,India,Mumbai,Chrome 138.0 (Windows 11),Casual Visitor,2025-08-20,True
625,user_0625,Visitor,Kenya,Mombasa,Edge 138.0 (Windows 11),Shopper,2026-03-29,True
626,user_0626,Customer,Ethiopia,Addis Ababa,Safari 18.0 (macOS),Casual Visitor,2024-08-04,True
627,user_0627,Visitor,Germany,Berlin,Firefox 140.0 (Ubuntu),Casual Visitor,2024-09-28,True
628,user_0628,Visitor,Germany,Berlin,Firefox 140.0 (Ubuntu),Registered User,2025-06-12,True
629,user_0629,Administrator,Germany,Berlin,Chrome Mobile (Android),Casual Visitor,2023-11-27,True
630,user_0630,API Client,India,Mumbai,Chrome 138.0 (Windows 11),Shopper,2024-10-15,True
631,user_0631,Administrator,Germany,Berlin,Firefox 140.0 (Ubuntu),Shopper,2024-07-28,True
632,user_0632,Visitor,Uganda,Kampala,Chrome Mobile (Android),Shopper,2024-09-24,True
633,user_0633,API Client,Germany,Berlin,Firefox 140.0 (Ubuntu),Casual Visitor,2025-01-01,False
634,user_0634,Customer,United States,Dallas,Firefox 140.0 (Ubuntu),Shopper,2024-12-07,True
635,user_0635,Customer,Singapore,Singapore,Chrome Mobile (Android),Registered User,2025-11-15,True
636,user_0636,Visitor,Singapore,Singapore,Chrome Mobile (Android),Registered User,2023-12-02,True
637,user_0637,Visitor,Uganda,Kampala,Edge 138.0 (Windows 11),Registered User,2024-02-29,True
638,user_0638,Customer,Singapore,Singapore,Safari 18.0 (macOS),Shopper,2024-03-20,True
639,user_0639,Customer,Singapore,Singapore,Safari 18.0 (macOS),Registered User,2024-07-23,True
640,user_0640,Visitor,Kenya,Mombasa,Chrome 138.0 (Windows 11),Casual Visitor,2025-03-16,True
641,user_0641,Customer,Uganda,Kampala,Firefox 140.0 (Ubuntu),Registered User,2024-03-23,True
642,user_0642,Customer,United States,New York,Chrome 138.0 (Windows 11),Casual Visitor,2024-06-26,True
643,user_0643,Customer,Singapore,Singapore,Chrome Mobile (Android),Casual Visitor,2023-11-06,True
644,user_0644,Administrator,United States,New York,Safari 18.0 (macOS),Shopper,2025-05-04,True
645,user_0645,Visitor,United Kingdom,London,Edge 138.0 (Windows 11),Casual Visitor,2025-04-23,True
646,user_0646,Administrator,India,Mumbai,Edge 138.0 (Windows 11),Registered User,2024-12-25,True
647,user_0647,Visitor,Tanzania,Dar es Salaam,Firefox 140.0 (Ubuntu),API Client,2025-11-18,True
648,user_0648,Visitor,Uganda,Kampala,Safari 18.0 (macOS),Casual Visitor,2025-07-22,True
649,user_0649,Visitor,Uganda,Kampala,Safari 18.0 (macOS),Registered User,2025-05-05,True
650,user_0650,Customer,Uganda,Kampala,Chrome Mobile (Android),Registered User,2023-11-03,True
651,user_0651,Visitor,Singapore,Singapore,Edge 138.0 (Windows 11),Shopper,2024-06-15,False
652,user_0652,Customer,Singapore,Singapore,Firefox 140.0 (Ubuntu),Shopper,2025-05-12,True
653,user_0653,Visitor,Ethiopia,Mekelle,Firefox 140.0 (Ubuntu),Shopper,2025-03-26,True
654,user_0654,API Client,United States,New York,Chrome Mobile (Android),Shopper,2026-01-22,False
655,user_0655,Customer,Kenya,Nairobi,Safari 18.0 (macOS),Casual Visitor,2023-08-29,True
656,user_0656,Customer,Tanzania,Dar es Salaam,Edge 138.0 (Windows 11),Casual Visitor,2026-01-09,True
657,user_0657,Visitor,Ethiopia,Mekelle,Edge 138.0 (Windows 11),Casual Visitor,2025-03-11,True
658,user_0658,Visitor,United Kingdom,London,Edge 138.0 (Windows 11),Registered User,2025-08-08,True
659,user_0659,Administrator,Singapore,Singapore,Firefox 140.0 (Ubuntu),API Client,2023-08-08,True
660,user_0660,Customer,Singapore,Singapore,Firefox 140.0 (Ubuntu),Shopper,2025-01-26,True
661,user_0661,Visitor,Germany,Berlin,Safari 18.0 (macOS),Shopper,2024-11-04,True
662,user_0662,Visitor,Uganda,Kampala,Edge 138.0 (Windows 11),Casual Visitor,2025-03-26,True
663,user_0663,Customer,Uganda,Kampala,Chrome Mobile (Android),Registered User,2025-05-10,True
664,user_0664,Visitor,Germany,Berlin,Safari 18.0 (macOS),Shopper,2025-11-12,True
665,user_0665,Customer,Ethiopia,Addis Ababa,Chrome Mobile (Android),Casual Visitor,2025-11-24,True
666,user_0666,Visitor,Kenya,Nairobi,Chrome Mobile (Android),Casual Visitor,2026-02-21,True
667,user_0667,Visitor,United States,New York,Safari 18.0 (macOS),Casual Visitor,2024-07-06,True
668,user_0668,Visitor,Kenya,Mombasa,Firefox 140.0 (Ubuntu),Casual Visitor,2025-08-26,True
669,user_0669,API Client,Singapore,Singapore,Firefox 140.0 (Ubuntu),Casual Visitor,2024-07-04,True
670,user_0670,Customer,United Kingdom,London,Chrome Mobile (Android),Casual Visitor,2024-09-25,True
671,user_0671,Visitor,Germany,Berlin,Edge 138.0 (Windows 11),Casual Visitor,2025-06-06,True
672,user_0672,Visitor,Singapore,Singapore,Firefox 140.0 (Ubuntu),Shopper,2025-08-22,True
673,user_0673,Customer,Ethiopia,Addis Ababa,Chrome Mobile (Android),Registered User,2023-09-13,True
674,user_0674,Customer,Singapore,Singapore,Chrome 138.0 (Windows 11),Casual Visitor,2025-03-25,True
675,user_0675,Customer,Ethiopia,Addis Ababa,Safari 18.0 (macOS),API Client,2025-01-02,True
676,user_0676,Visitor,Tanzania,Dar es Salaam,Chrome 138.0 (Windows 11),Administrator,2026-06-03,True
677,user_0677,Customer,India,Mumbai,Edge 138.0 (Windows 11),Shopper,2026-06-19,True
678,user_0678,API Client,United Kingdom,London,Firefox 140.0 (Ubuntu),Casual Visitor,2025-04-18,True
679,user_0679,Visitor,Tanzania,Dar es Salaam,Edge 138.0 (Windows 11),Casual Visitor,2024-04-11,True
680,user_0680,Visitor,India,Mumbai,Edge 138.0 (Windows 11),Shopper,2025-07-25,True
681,user_0681,Customer,Ethiopia,Mekelle,Firefox 140.0 (Ubuntu),Registered User,2024-02-13,True
682,user_0682,Customer,Ethiopia,Addis Ababa,Chrome Mobile (Android),Shopper,2026-03-22,True
683,user_0683,Administrator,Germany,Berlin,Chrome Mobile (Android),Casual Visitor,2025-11-05,True
684,user_0684,Customer,Singapore,Singapore,Firefox 140.0 (Ubuntu),Casual Visitor,2023-09-09,True
685,user_0685,Visitor,United States,New York,Chrome Mobile (Android),Casual Visitor,2025-04-02,True
686,user_0686,Customer,Kenya,Nairobi,Chrome Mobile (Android),Shopper,2026-02-03,True
687,user_0687,Visitor,Uganda,Kampala,Chrome Mobile (Android),Administrator,2025-12-22,True
688,user_0688,Administrator,Uganda,Kampala,Chrome 138.0 (Windows 11),Casual Visitor,2026-05-24,True
689,user_0689,Visitor,Ethiopia,Mekelle,Chrome 138.0 (Windows 11),Shopper,2023-09-10,True
690,user_0690,Visitor,United Kingdom,London,Safari 18.0 (macOS),Registered User,2023-12-07,True
691,user_0691,Customer,United Kingdom,London,Chrome Mobile (Android),Shopper,2026-04-23,True
692,user_0692,Visitor,United States,New York,Safari 18.0 (macOS),Casual Visitor,2025-05-25,True
693,user_0693,Visitor,Ethiopia,Mekelle,Firefox 140.0 (Ubuntu),Shopper,2024-02-25,True
694,user_0694,Customer,United Kingdom,London,Chrome Mobile (Android),Casual Visitor,2025-07-16,True
695,user_0695,Visitor,India,Mumbai,Chrome Mobile (Android),Shopper,2024-05-07,True
696,user_0696,Visitor,Uganda,Kampala,Chrome 138.0 (Windows 11),Shopper,2023-10-16,True
697,user_0697,Visitor,United Kingdom,London,Safari 18.0 (macOS),Shopper,2024-09-06,True
698,user_0698,Visitor,Germany,Berlin,Firefox 140.0 (Ubuntu),Shopper,2025-03-09,True
699,user_0699,Customer,Singapore,Singapore,Firefox 140.0 (Ubuntu),Casual Visitor,2024-12-19,True
700,user_0700,Customer,Uganda,Kampala,Chrome Mobile (Android),Shopper,2024-06-22,True
701,user_0701,Visitor,United States,New York,Chrome Mobile (Android),API Client,2025-07-05,True
702,user_0702,Customer,Uganda,Kampala,Chrome Mobile (Android),Casual Visitor,2024-12-18,True
703,user_0703,Visitor,Uganda,Kampala,Edge 138.0 (Windows 11),Administrator,2025-01-04,True
704,user_0704,Visitor,Ethiopia,Addis Ababa,Firefox 140.0 (Ubuntu),Casual Visitor,2025-03-09,True
705,user_0705,Customer,Singapore,Singapore,Chrome Mobile (Android),Casual Visitor,2024-10-04,True
706,user_0706,Visitor,Kenya,Nairobi,Firefox 140.0 (Ubuntu),Administrator,2025-05-14,True
707,user_0707,Visitor,Kenya,Mombasa,Edge 138.0 (Windows 11),Registered User,2024-08-24,True
708,user_0708,Administrator,Germany,Berlin,Safari 18.0 (macOS),Registered User,2023-12-04,True
709,user_0709,Visitor,Ethiopia,Mekelle,Safari 18.0 (macOS),Registered User,2025-07-29,True
710,user_0710,Customer,Ethiopia,Mekelle,Chrome Mobile (Android),Shopper,2023-08-29,True
711,user_0711,Visitor,Kenya,Nairobi,Safari 18.0 (macOS),Shopper,2025-11-13,True
712,user_0712,Visitor,United Kingdom,London,Firefox 140.0 (Ubuntu),Shopper,2023-10-18,True
713,user_0713,Customer,United States,Dallas,Chrome Mobile (Android),Casual Visitor,2025-01-23,True
714,user_0714,Customer,Tanzania,Dar es Salaam,Chrome Mobile (Android),Shopper,2024-07-12,True
715,user_0715,Visitor,Singapore,Singapore,Edge 138.0 (Windows 11),Shopper,2026-05-04,True
716,user_0716,Customer,Germany,Berlin,Chrome 138.0 (Windows 11),Registered User,2023-11-13,True
717,user_0717,Visitor,Uganda,Kampala,Safari 18.0 (macOS),Registered User,2026-05-07,True
718,user_0718,Visitor,Kenya,Nairobi,Chrome 138.0 (Windows 11),Registered User,2023-09-30,True
719,user_0719,Visitor,India,Mumbai,Edge 138.0 (Windows 11),Casual Visitor,2023-09-16,True
720,user_0720,Administrator,Kenya,Mombasa,Safari 18.0 (macOS),Shopper,2024-08-17,True
721,user_0721,Customer,Kenya,Nairobi,Safari 18.0 (macOS),Casual Visitor,2024-06-03,True
722,user_0722,Visitor,Singapore,Singapore,Chrome Mobile (Android),Shopper,2023-08-30,True
723,user_0723,Visitor,Uganda,Kampala,Chrome 138.0 (Windows 11),API Client,2026-03-21,True
724,user_0724,Visitor,United States,Dallas,Safari 18.0 (macOS),Shopper,2024-03-22,True
725,user_0725,Administrator,Kenya,Nairobi,Chrome Mobile (Android),Casual Visitor,2024-08-03,True
726,user_0726,API Client,United Kingdom,London,Edge 138.0 (Windows 11),Casual Visitor,2024-02-11,False
727,user_0727,Customer,India,Mumbai,Edge 138.0 (Windows 11),Casual Visitor,2025-08-03,True
728,user_0728,Visitor,Singapore,Singapore,Edge 138.0 (Windows 11),Administrator,2026-06-03,True
729,user_0729,Customer,United States,Dallas,Safari 18.0 (macOS),Shopper,2024-01-23,True
730,user_0730,Customer,United Kingdom,London,Chrome Mobile (Android),Registered User,2025-12-22,True
731,user_0731,Visitor,United States,New York,Firefox 140.0 (Ubuntu),Shopper,2024-07-02,True
732,user_0732,API Client,United Kingdom,London,Chrome Mobile (Android),Shopper,2025-07-21,True
733,user_0733,Visitor,United States,New York,Safari 18.0 (macOS),Shopper,2024-08-31,True
734,user_0734,Visitor,Ethiopia,Addis Ababa,Edge 138.0 (Windows 11),Casual Visitor,2025-02-22,True
735,user_0735,Visitor,Uganda,Kampala,Firefox 140.0 (Ubuntu),Casual Visitor,2024-04-15,True
736,user_0736,Visitor,United States,New York,Firefox 140.0 (Ubuntu),Registered User,2026-02-25,True
737,user_0737,Administrator,Ethiopia,Addis Ababa,Safari 18.0 (macOS),Shopper,2026-02-27,True
738,user_0738,Customer,Singapore,Singapore,Edge 138.0 (Windows 11),Shopper,2024-01-23,True
739,user_0739,Visitor,United States,Dallas,Chrome Mobile (Android),Casual Visitor,2024-04-09,True
740,user_0740,Visitor,Uganda,Kampala,Safari 18.0 (macOS),Shopper,2024-11-24,True
741,user_0741,Visitor,Singapore,Singapore,Firefox 140.0 (Ubuntu),Shopper,2024-01-13,True
742,user_0742,Visitor,Singapore,Singapore,Chrome 138.0 (Windows 11),Casual Visitor,2026-01-13,True
743,user_0743,Visitor,Ethiopia,Mekelle,Edge 138.0 (Windows 11),Casual Visitor,2023-09-07,True
744,user_0744,API Client,United States,Dallas,Edge 138.0 (Windows 11),Casual Visitor,2024-11-25,True
745,user_0745,Customer,Tanzania,Dar es Salaam,Edge 138.0 (Windows 11),Casual Visitor,2026-01-09,True
746,user_0746,Customer,India,Mumbai,Chrome Mobile (Android),Shopper,2026-06-16,True
747,user_0747,Customer,United States,New York,Safari 18.0 (macOS),Casual Visitor,2025-03-04,True
748,user_0748,Customer,Uganda,Kampala,Firefox 140.0 (Ubuntu),Shopper,2025-04-06,True
749,user_0749,Customer,Singapore,Singapore,Edge 138.0 (Windows 11),Casual Visitor,2024-06-02,True
750,user_0750,Visitor,Kenya,Mombasa,Firefox 140.0 (Ubuntu),Casual Visitor,2023-11-25,True
751,user_0751,Visitor,India,Mumbai,Edge 138.0 (Windows 11),Casual Visitor,2026-02-03,True
752,user_0752,Visitor,Singapore,Singapore,Safari 18.0 (macOS),Casual Visitor,2026-03-30,True
753,user_0753,API Client,Tanzania,Dar es Salaam,Edge 138.0 (Windows 11),Casual Visitor,2024-08-10,True
754,user_0754,Customer,India,Mumbai,Safari 18.0 (macOS),Shopper,2024-01-04,True
755,user_0755,Customer,Uganda,Kampala,Edge 138.0 (Windows 11),Shopper,2024-11-09,True
756,user_0756,Visitor,Germany,Berlin,Edge 138.0 (Windows 11),Casual Visitor,2026-06-26,True
757,user_0757,Customer,United States,Dallas,Safari 18.0 (macOS),Casual Visitor,2026-02-16,True
758,user_0758,Visitor,United Kingdom,London,Firefox 140.0 (Ubuntu),Registered User,2024-02-03,True
759,user_0759,Administrator,Tanzania,Dar es Salaam,Chrome 138.0 (Windows 11),Casual Visitor,2025-12-25,True
760,user_0760,Administrator,Ethiopia,Addis Ababa,Safari 18.0 (macOS),Shopper,2023-10-01,True
761,user_0761,Visitor,Germany,Berlin,Chrome Mobile (Android),Casual Visitor,2025-01-19,True
762,user_0762,Visitor,Germany,Berlin,Edge 138.0 (Windows 11),Shopper,2025-11-03,True
763,user_0763,Visitor,Singapore,Singapore,Edge 138.0 (Windows 11),Registered User,2025-05-25,True
764,user_0764,API Client,India,Mumbai,Chrome Mobile (Android),Administrator,2026-05-22,True
765,user_0765,Customer,Uganda,Kampala,Safari 18.0 (macOS),Shopper,2025-02-24,True
766,user_0766,Administrator,Germany,Berlin,Safari 18.0 (macOS),Shopper,2023-11-14,True
767,user_0767,Visitor,India,Mumbai,Edge 138.0 (Windows 11),Casual Visitor,2025-09-22,True
768,user_0768,Visitor,Singapore,Singapore,Safari 18.0 (macOS),Shopper,2026-04-30,True
769,user_0769,Visitor,India,Mumbai,Safari 18.0 (macOS),Registered User,2025-01-10,True
770,user_0770,Visitor,Kenya,Mombasa,Chrome Mobile (Android),Shopper,2023-08-18,True
771,user_0771,Visitor,Germany,Berlin,Chrome 138.0 (Windows 11),Shopper,2025-05-12,True
772,user_0772,Customer,United States,Dallas,Chrome Mobile (Android),Registered User,2025-08-29,True
773,user_0773,Visitor,Ethiopia,Addis Ababa,Chrome 138.0 (Windows 11),Shopper,2024-01-09,True
774,user_0774,Visitor,United States,Dallas,Chrome 138.0 (Windows 11),Casual Visitor,2025-06-02,False
775,user_0775,API Client,Kenya,Nairobi,Edge 138.0 (Windows 11),Casual Visitor,2025-02-11,True
776,user_0776,Visitor,Kenya,Nairobi,Chrome 138.0 (Windows 11),Shopper,2026-04-12,True
777,user_0777,API Client,United States,Dallas,Safari 18.0 (macOS),Shopper,2025-07-13,True
778,user_0778,Visitor,Ethiopia,Addis Ababa,Safari 18.0 (macOS),Casual Visitor,2024-03-23,True
779,user_0779,Customer,Tanzania,Dar es Salaam,Chrome 138.0 (Windows 11),Casual Visitor,2025-06-05,True
780,user_0780,Customer,Tanzania,Dar es Salaam,Safari 18.0 (macOS),Casual Visitor,2024-04-28,False
781,user_0781,Customer,Tanzania,Dar es Salaam,Chrome 138.0 (Windows 11),Shopper,2025-10-17,False
782,user_0782,Customer,India,Mumbai,Edge 138.0 (Windows 11),Administrator,2026-05-05,True
783,user_0783,Visitor,Kenya,Nairobi,Edge 138.0 (Windows 11),Casual Visitor,2024-09-21,True
784,user_0784,Visitor,Tanzania,Dar es Salaam,Safari 18.0 (macOS),Casual Visitor,2026-03-12,True
785,user_0785,Visitor,United States,New York,Firefox 140.0 (Ubuntu),Casual Visitor,2025-11-12,True
786,user_0786,Visitor,India,Mumbai,Chrome 138.0 (Windows 11),Casual Visitor,2025-08-19,True
787,user_0787,Visitor,United Kingdom,London,Firefox 140.0 (Ubuntu),Registered User,2025-07-21,True
788,user_0788,Visitor,Uganda,Kampala,Chrome Mobile (Android),Registered User,2025-06-05,True
789,user_0789,Visitor,India,Mumbai,Safari 18.0 (macOS),Casual Visitor,2026-02-04,True
790,user_0790,Customer,Kenya,Mombasa,Chrome Mobile (Android),Casual Visitor,2024-09-18,True
791,user_0791,Visitor,Tanzania,Dar es Salaam,Edge 138.0 (Windows 11),Registered User,2024-12-11,True
792,user_0792,Visitor,Singapore,Singapore,Firefox 140.0 (Ubuntu),Shopper,2024-08-14,True
793,user_0793,Visitor,Singapore,Singapore,Chrome Mobile (Android),Casual Visitor,2023-12-11,True
794,user_0794,Customer,Kenya,Mombasa,Firefox 140.0 (Ubuntu),Casual Visitor,2024-10-05,True
795,user_0795,Visitor,Singapore,Singapore,Safari 18.0 (macOS),Registered User,2025-06-29,True
796,user_0796,Visitor,United States,Dallas,Edge 138.0 (Windows 11),Casual Visitor,2024-08-11,True
797,user_0797,Customer,Ethiopia,Addis Ababa,Firefox 140.0 (Ubuntu),Casual Visitor,2025-07-20,True
798,user_0798,Visitor,Ethiopia,Mekelle,Chrome 138.0 (Windows 11),Shopper,2025-12-31,True
799,user_0799,Visitor,India,Mumbai,Firefox 140.0 (Ubuntu),Shopper,2026-03-04,True
800,user_0800,Administrator,Tanzania,Dar es Salaam,Chrome 138.0 (Windows 11),Shopper,2026-06-01,True
801,user_0801,Customer,United Kingdom,London,Chrome 138.0 (Windows 11),Registered User,2025-03-09,True
802,user_0802,Customer,Kenya,Nairobi,Chrome 138.0 (Windows 11),Administrator,2025-01-02,False
803,user_0803,Customer,Ethiopia,Addis Ababa,Chrome Mobile (Android),Casual Visitor,2023-09-12,True
804,user_0804,Customer,Tanzania,Dar es Salaam,Chrome Mobile (Android),Shopper,2025-09-04,True
805,user_0805,Customer,United Kingdom,London,Safari 18.0 (macOS),Registered User,2024-12-15,True
806,user_0806,Visitor,Uganda,Kampala,Firefox 140.0 (Ubuntu),Shopper,2024-05-07,True
807,user_0807,Customer,United Kingdom,London,Edge 138.0 (Windows 11),Registered User,2025-08-25,True
808,user_0808,Customer,Germany,Berlin,Chrome Mobile (Android),Shopper,2024-06-23,True
809,user_0809,Visitor,Singapore,Singapore,Safari 18.0 (macOS),Shopper,2025-01-31,True
810,user_0810,Customer,Kenya,Mombasa,Chrome Mobile (Android),Casual Visitor,2024-09-03,True
811,user_0811,API Client,Kenya,Mombasa,Firefox 140.0 (Ubuntu),Registered User,2025-01-08,True
812,user_0812,Visitor,United States,New York,Safari 18.0 (macOS),Casual Visitor,2024-10-06,True
813,user_0813,Visitor,United Kingdom,London,Edge 138.0 (Windows 11),Casual Visitor,2026-02-10,True
814,user_0814,Customer,Tanzania,Dar es Salaam,Safari 18.0 (macOS),Casual Visitor,2024-10-01,True
815,user_0815,Visitor,Ethiopia,Mekelle,Chrome Mobile (Android),Casual Visitor,2025-12-09,True
816,user_0816,Customer,United Kingdom,London,Safari 18.0 (macOS),Shopper,2023-08-14,True
817,user_0817,Customer,Tanzania,Dar es Salaam,Safari 18.0 (macOS),Casual Visitor,2025-10-09,True
818,user_0818,Visitor,United Kingdom,London,Firefox 140.0 (Ubuntu),Casual Visitor,2024-05-21,True
819,user_0819,Customer,Germany,Berlin,Chrome Mobile (Android),Shopper,2023-12-09,True
820,user_0820,Visitor,United States,Dallas,Edge 138.0 (Windows 11),Casual Visitor,2024-08-07,True
821,user_0821,Visitor,Kenya,Mombasa,Safari 18.0 (macOS),Shopper,2025-04-21,True
822,user_0822,Visitor,Uganda,Kampala,Firefox 140.0 (Ubuntu),Shopper,2025-08-26,True
823,user_0823,Visitor,Tanzania,Dar es Salaam,Edge 138.0 (Windows 11),Registered User,2025-12-08,True
824,user_0824,Customer,Ethiopia,Addis Ababa,Safari 18.0 (macOS),Casual Visitor,2024-08-06,True
825,user_0825,Customer,United Kingdom,London,Firefox 140.0 (Ubuntu),API Client,2025-08-07,True
826,user_0826,Visitor,India,Mumbai,Firefox 140.0 (Ubuntu),Casual Visitor,2026-04-28,True
827,user_0827,Customer,Ethiopia,Addis Ababa,Firefox 140.0 (Ubuntu),Administrator,2025-08-30,True
828,user_0828,Visitor,United States,New York,Chrome 138.0 (Windows 11),Casual Visitor,2025-06-25,True
829,user_0829,Customer,United Kingdom,London,Firefox 140.0 (Ubuntu),Casual Visitor,2023-08-25,True
830,user_0830,Customer,United States,Dallas,Firefox 140.0 (Ubuntu),Shopper,2023-12-21,True
831,user_0831,Visitor,Germany,Berlin,Chrome 138.0 (Windows 11),Casual Visitor,2024-10-29,True
832,user_0832,Visitor,United States,New York,Chrome 138.0 (Windows 11),Casual Visitor,2024-07-08,True
833,user_0833,Visitor,United Kingdom,London,Safari 18.0 (macOS),Casual Visitor,2025-04-18,True
834,user_0834,Visitor,Ethiopia,Mekelle,Chrome Mobile (Android),Shopper,2024-08-10,True
835,user_0835,Customer,Singapore,Singapore,Chrome 138.0 (Windows 11),Casual Visitor,2024-11-16,True
836,user_0836,Visitor,United States,Dallas,Firefox 140.0 (Ubuntu),Casual Visitor,2026-05-26,True
837,user_0837,Visitor,United Kingdom,London,Chrome Mobile (Android),Casual Visitor,2026-01-18,True
838,user_0838,Customer,United States,Dallas,Chrome 138.0 (Windows 11),Administrator,2025-02-22,True
839,user_0839,Visitor,Tanzania,Dar es Salaam,Safari 18.0 (macOS),Shopper,2025-08-03,True
840,user_0840,Visitor,Germany,Berlin,Chrome Mobile (Android),Casual Visitor,2025-12-05,False
841,user_0841,Visitor,United Kingdom,London,Firefox 140.0 (Ubuntu),Shopper,2025-10-31,True
842,user_0842,Visitor,Tanzania,Dar es Salaam,Chrome Mobile (Android),Administrator,2025-01-14,True
843,user_0843,Visitor,Uganda,Kampala,Chrome Mobile (Android),Shopper,2025-05-20,True
844,user_0844,Customer,Uganda,Kampala,Firefox 140.0 (Ubuntu),Registered User,2025-11-30,True
845,user_0845,Visitor,Germany,Berlin,Edge 138.0 (Windows 11),Casual Visitor,2024-12-24,True
846,user_0846,Visitor,Uganda,Kampala,Chrome Mobile (Android),Shopper,2025-01-26,True
847,user_0847,Visitor,Tanzania,Dar es Salaam,Chrome 138.0 (Windows 11),Casual Visitor,2025-07-03,True
848,user_0848,Visitor,India,Mumbai,Chrome Mobile (Android),Shopper,2024-09-22,True
849,user_0849,Visitor,Uganda,Kampala,Firefox 140.0 (Ubuntu),Casual Visitor,2024-11-17,True
850,user_0850,Administrator,Germany,Berlin,Safari 18.0 (macOS),Casual Visitor,2024-08-23,True
851,user_0851,Visitor,Tanzania,Dar es Salaam,Safari 18.0 (macOS),Registered User,2024-07-22,True
852,user_0852,Customer,United Kingdom,London,Safari 18.0 (macOS),Shopper,2024-02-02,True
853,user_0853,Visitor,Germany,Berlin,Chrome Mobile (Android),Shopper,2024-05-24,True
854,user_0854,Visitor,Kenya,Nairobi,Chrome 138.0 (Windows 11),Registered User,2024-12-01,True
855,user_0855,API Client,Singapore,Singapore,Chrome 138.0 (Windows 11),Shopper,2024-01-31,True
856,user_0856,Visitor,Kenya,Nairobi,Safari 18.0 (macOS),Registered User,2025-11-08,True
857,user_0857,Visitor,United States,Dallas,Edge 138.0 (Windows 11),Shopper,2024-05-12,True
858,user_0858,Visitor,Singapore,Singapore,Safari 18.0 (macOS),Casual Visitor,2024-05-22,True
859,user_0859,Visitor,Uganda,Kampala,Edge 138.0 (Windows 11),Shopper,2024-06-30,True
860,user_0860,Visitor,Tanzania,Dar es Salaam,Edge 138.0 (Windows 11),Shopper,2025-08-20,True
861,user_0861,Visitor,Uganda,Kampala,Safari 18.0 (macOS),Shopper,2024-10-01,True
862,user_0862,Visitor,Germany,Berlin,Safari 18.0 (macOS),Casual Visitor,2026-01-30,True
863,user_0863,Visitor,United Kingdom,London,Firefox 140.0 (Ubuntu),Casual Visitor,2025-10-21,True
864,user_0864,Visitor,Germany,Berlin,Safari 18.0 (macOS),Casual Visitor,2026-02-11,True
865,user_0865,Visitor,Uganda,Kampala,Edge 138.0 (Windows 11),Casual Visitor,2024-10-11,True
866,user_0866,Customer,India,Mumbai,Safari 18.0 (macOS),Casual Visitor,2024-01-02,True
867,user_0867,Visitor,India,Mumbai,Chrome 138.0 (Windows 11),Shopper,2024-05-26,True
868,user_0868,Customer,Singapore,Singapore,Chrome Mobile (Android),Registered User,2024-11-01,True
869,user_0869,Visitor,Uganda,Kampala,Edge 138.0 (Windows 11),Casual Visitor,2024-07-17,True
870,user_0870,Administrator,United States,Dallas,Chrome 138.0 (Windows 11),Casual Visitor,2025-02-09,False
871,user_0871,Customer,Uganda,Kampala,Chrome Mobile (Android),Shopper,2024-05-03,True
872,user_0872,Administrator,India,Mumbai,Chrome 138.0 (Windows 11),Registered User,2024-11-10,True
873,user_0873,Customer,Germany,Berlin,Chrome Mobile (Android),Casual Visitor,2023-08-20,True
874,user_0874,Visitor,Ethiopia,Mekelle,Safari 18.0 (macOS),Shopper,2025-11-05,True
875,user_0875,Customer,Kenya,Nairobi,Chrome Mobile (Android),API Client,2024-02-11,True
876,user_0876,Customer,United States,Dallas,Edge 138.0 (Windows 11),Casual Visitor,2024-09-28,True
877,user_0877,Customer,United Kingdom,London,Safari 18.0 (macOS),Shopper,2023-10-08,True
878,user_0878,Customer,India,Mumbai,Firefox 140.0 (Ubuntu),Registered User,2023-10-22,False
879,user_0879,Visitor,Kenya,Nairobi,Chrome 138.0 (Windows 11),Registered User,2025-12-05,True
880,user_0880,Visitor,Germany,Berlin,Edge 138.0 (Windows 11),Shopper,2024-10-25,True
881,user_0881,Customer,Kenya,Nairobi,Edge 138.0 (Windows 11),Registered User,2024-02-11,True
882,user_0882,Customer,Singapore,Singapore,Chrome 138.0 (Windows 11),Shopper,2026-04-15,True
883,user_0883,Visitor,Kenya,Nairobi,Edge 138.0 (Windows 11),Administrator,2025-08-30,True
884,user_0884,Customer,India,Mumbai,Safari 18.0 (macOS),Casual Visitor,2024-01-05,True
885,user_0885,Visitor,Singapore,Singapore,Safari 18.0 (macOS),Administrator,2023-08-18,True
886,user_0886,Customer,Singapore,Singapore,Edge 138.0 (Windows 11),Shopper,2026-01-06,True
887,user_0887,Visitor,United Kingdom,London,Firefox 140.0 (Ubuntu),Casual Visitor,2024-10-13,True
888,user_0888,Customer,Germany,Berlin,Safari 18.0 (macOS),Casual Visitor,2025-07-28,True
889,user_0889,Customer,United States,Dallas,Edge 138.0 (Windows 11),Shopper,2025-08-11,True
890,user_0890,Visitor,Tanzania,Dar es Salaam,Edge 138.0 (Windows 11),Casual Visitor,2025-06-13,True
891,user_0891,Customer,Ethiopia,Mekelle,Firefox 140.0 (Ubuntu),Administrator,2025-01-09,True
892,user_0892,Administrator,Kenya,Mombasa,Firefox 140.0 (Ubuntu),Casual Visitor,2024-05-11,True
893,user_0893,Customer,Singapore,Singapore,Firefox 140.0 (Ubuntu),Registered User,2023-10-17,True
894,user_0894,Visitor,Singapore,Singapore,Chrome 138.0 (Windows 11),Shopper,2024-08-25,True
895,user_0895,Visitor,Singapore,Singapore,Chrome 138.0 (Windows 11),Shopper,2025-08-10,True
896,user_0896,Visitor,Ethiopia,Mekelle,Chrome 138.0 (Windows 11),Casual Visitor,2024-01-23,True
897,user_0897,Customer,United States,New York,Edge 138.0 (Windows 11),Shopper,2023-11-08,True
898,user_0898,Visitor,Tanzania,Dar es Salaam,Chrome Mobile (Android),Casual Visitor,2025-04-12,True
899,user_0899,Visitor,Ethiopia,Mekelle,Edge 138.0 (Windows 11),Casual Visitor,2025-08-31,False
900,user_0900,Visitor,Singapore,Singapore,Edge 138.0 (Windows 11),Shopper,2023-11-22,True
901,user_0901,Visitor,United States,New York,Edge 138.0 (Windows 11),Shopper,2026-01-11,True
902,user_0902,Visitor,India,Mumbai,Safari 18.0 (macOS),Administrator,2026-04-02,True
903,user_0903,Visitor,Germany,Berlin,Safari 18.0 (macOS),Casual Visitor,2023-10-21,True
904,user_0904,Visitor,India,Mumbai,Firefox 140.0 (Ubuntu),Registered User,2024-03-21,True
905,user_0905,API Client,Singapore,Singapore,Safari 18.0 (macOS),Shopper,2024-03-17,True
906,user_0906,Visitor,India,Mumbai,Safari 18.0 (macOS),Shopper,2025-12-20,True
907,user_0907,Administrator,Uganda,Kampala,Safari 18.0 (macOS),Casual Visitor,2024-11-12,True
908,user_0908,Visitor,United Kingdom,London,Chrome 138.0 (Windows 11),Casual Visitor,2023-12-09,True
909,user_0909,Customer,India,Mumbai,Edge 138.0 (Windows 11),Registered User,2024-08-18,True
910,user_0910,Visitor,Uganda,Kampala,Chrome 138.0 (Windows 11),Casual Visitor,2024-01-30,True
911,user_0911,Visitor,United States,Dallas,Safari 18.0 (macOS),Casual Visitor,2025-12-12,True
912,user_0912,Visitor,Uganda,Kampala,Edge 138.0 (Windows 11),Casual Visitor,2025-05-06,True
913,user_0913,Customer,Germany,Berlin,Edge 138.0 (Windows 11),Shopper,2026-02-25,True
914,user_0914,Visitor,Ethiopia,Mekelle,Chrome Mobile (Android),Shopper,2026-02-10,True
915,user_0915,Visitor,India,Mumbai,Safari 18.0 (macOS),Casual Visitor,2026-03-16,True
916,user_0916,Visitor,Germany,Berlin,Chrome 138.0 (Windows 11),Casual Visitor,2024-07-14,True
917,user_0917,Customer,Kenya,Nairobi,Safari 18.0 (macOS),Shopper,2025-10-18,True
918,user_0918,Visitor,India,Mumbai,Edge 138.0 (Windows 11),Casual Visitor,2025-03-11,True
919,user_0919,Customer,United States,Dallas,Edge 138.0 (Windows 11),API Client,2025-06-28,True
920,user_0920,Customer,Singapore,Singapore,Edge 138.0 (Windows 11),Casual Visitor,2025-06-16,True
921,user_0921,Customer,Kenya,Nairobi,Edge 138.0 (Windows 11),Casual Visitor,2024-11-02,True
922,user_0922,Visitor,Kenya,Nairobi,Chrome Mobile (Android),Casual Visitor,2026-01-29,True
923,user_0923,Visitor,Germany,Berlin,Chrome Mobile (Android),Casual Visitor,2025-05-26,True
924,user_0924,Customer,Uganda,Kampala,Edge 138.0 (Windows 11),Registered User,2024-11-15,True
925,user_0925,Visitor,Uganda,Kampala,Chrome 138.0 (Windows 11),Casual Visitor,2025-12-29,True
926,user_0926,Visitor,Germany,Berlin,Safari 18.0 (macOS),Registered User,2026-03-20,True
927,user_0927,Visitor,Germany,Berlin,Safari 18.0 (macOS),Shopper,2023-10-31,True
928,user_0928,Visitor,United Kingdom,London,Chrome Mobile (Android),Casual Visitor,2026-03-03,True
929,user_0929,Visitor,Tanzania,Dar es Salaam,Chrome Mobile (Android),Shopper,2023-12-31,True
930,user_0930,Customer,Kenya,Mombasa,Chrome 138.0 (Windows 11),Shopper,2024-06-16,False
931,user_0931,Customer,Ethiopia,Addis Ababa,Chrome Mobile (Android),API Client,2026-03-27,False
932,user_0932,Visitor,United States,Dallas,Chrome Mobile (Android),Registered User,2024-06-21,True
933,user_0933,Customer,India,Mumbai,Chrome Mobile (Android),Registered User,2024-09-13,True
934,user_0934,Visitor,Kenya,Mombasa,Chrome 138.0 (Windows 11),Shopper,2026-05-20,True
935,user_0935,Visitor,India,Mumbai,Edge 138.0 (Windows 11),Casual Visitor,2023-12-03,True
936,user_0936,Visitor,United States,Dallas,Safari 18.0 (macOS),Shopper,2024-03-29,True
937,user_0937,Visitor,United States,New York,Chrome 138.0 (Windows 11),Casual Visitor,2024-08-05,True
938,user_0938,Visitor,United States,Dallas,Edge 138.0 (Windows 11),Casual Visitor,2024-04-25,True
939,user_0939,Administrator,Ethiopia,Addis Ababa,Firefox 140.0 (Ubuntu),Shopper,2025-12-03,True
940,user_0940,Customer,Uganda,Kampala,Firefox 140.0 (Ubuntu),Shopper,2023-11-23,True
941,user_0941,API Client,Kenya,Mombasa,Firefox 140.0 (Ubuntu),Shopper,2024-03-29,True
942,user_0942,Customer,India,Mumbai,Firefox 140.0 (Ubuntu),Shopper,2023-08-03,True
943,user_0943,Customer,Uganda,Kampala,Edge 138.0 (Windows 11),Casual Visitor,2025-04-24,True
944,user_0944,Visitor,Ethiopia,Addis Ababa,Safari 18.0 (macOS),Shopper,2025-06-28,True
945,user_0945,Visitor,Singapore,Singapore,Safari 18.0 (macOS),Shopper,2026-02-06,True
946,user_0946,Visitor,Germany,Berlin,Safari 18.0 (macOS),Casual Visitor,2025-07-28,True
947,user_0947,Visitor,Singapore,Singapore,Chrome Mobile (Android),Shopper,2024-10-24,False
948,user_0948,Visitor,Germany,Berlin,Edge 138.0 (Windows 11),Registered User,2023-09-18,True
949,user_0949,Customer,Germany,Berlin,Firefox 140.0 (Ubuntu),Registered User,2024-07-23,True
950,user_0950,Customer,Tanzania,Dar es Salaam,Firefox 140.0 (Ubuntu),Casual Visitor,2024-10-19,True
951,user_0951,Visitor,Kenya,Nairobi,Chrome 138.0 (Windows 11),Shopper,2024-10-11,True
952,user_0952,Customer,United Kingdom,London,Edge 138.0 (Windows 11),Casual Visitor,2025-07-04,True
953,user_0953,Administrator,Ethiopia,Addis Ababa,Firefox 140.0 (Ubuntu),API Client,2023-11-17,True
954,user_0954,Customer,Ethiopia,Addis Ababa,Firefox 140.0 (Ubuntu),Casual Visitor,2024-07-26,True
955,user_0955,Customer,Uganda,Kampala,Edge 138.0 (Windows 11),Casual Visitor,2024-09-12,True
956,user_0956,Administrator,Ethiopia,Mekelle,Edge 138.0 (Windows 11),Registered User,2026-03-26,True
957,user_0957,Visitor,United Kingdom,London,Chrome 138.0 (Windows 11),Casual Visitor,2026-01-31,True
958,user_0958,API Client,Germany,Berlin,Edge 138.0 (Windows 11),API Client,2026-05-22,True
959,user_0959,Visitor,India,Mumbai,Firefox 140.0 (Ubuntu),Shopper,2024-06-01,True
960,user_0960,Visitor,India,Mumbai,Safari 18.0 (macOS),Casual Visitor,2025-05-20,True
961,user_0961,Visitor,India,Mumbai,Chrome 138.0 (Windows 11),Casual Visitor,2024-01-24,True
962,user_0962,Customer,India,Mumbai,Firefox 140.0 (Ubuntu),Shopper,2025-11-21,True
963,user_0963,Visitor,Kenya,Mombasa,Edge 138.0 (Windows 11),Administrator,2024-07-13,True
964,user_0964,Visitor,Singapore,Singapore,Safari 18.0 (macOS),Registered User,2026-05-01,True
965,user_0965,Visitor,Ethiopia,Addis Ababa,Safari 18.0 (macOS),Casual Visitor,2024-03-17,True
966,user_0966,Customer,United Kingdom,London,Safari 18.0 (macOS),Casual Visitor,2024-09-14,False
967,user_0967,Visitor,Ethiopia,Mekelle,Edge 138.0 (Windows 11),Casual Visitor,2024-03-06,True
968,user_0968,Visitor,United States,New York,Chrome 138.0 (Windows 11),API Client,2023-11-17,True
969,user_0969,Customer,United States,Dallas,Edge 138.0 (Windows 11),Shopper,2023-10-30,True
970,user_0970,Visitor,India,Mumbai,Firefox 140.0 (Ubuntu),Casual Visitor,2024-04-12,False
971,user_0971,Visitor,Tanzania,Dar es Salaam,Chrome Mobile (Android),Shopper,2024-11-18,True
972,user_0972,Visitor,India,Mumbai,Chrome 138.0 (Windows 11),Casual Visitor,2026-02-08,True
973,user_0973,Visitor,Germany,Berlin,Chrome Mobile (Android),Shopper,2025-12-30,True
974,user_0974,Customer,Singapore,Singapore,Firefox 140.0 (Ubuntu),Administrator,2024-10-20,True
975,user_0975,Customer,Uganda,Kampala,Safari 18.0 (macOS),Administrator,2025-06-11,True
976,user_0976,Visitor,Tanzania,Dar es Salaam,Chrome 138.0 (Windows 11),Administrator,2024-02-08,True
977,user_0977,Customer,Ethiopia,Mekelle,Chrome Mobile (Android),Casual Visitor,2025-07-27,True
978,user_0978,Customer,Ethiopia,Mekelle,Chrome Mobile (Android),Casual Visitor,2024-11-13,True
979,user_0979,Customer,Germany,Berlin,Safari 18.0 (macOS),Casual Visitor,2025-04-15,False
980,user_0980,Visitor,Singapore,Singapore,Firefox 140.0 (Ubuntu),Registered User,2024-09-24,True
981,user_0981,Visitor,United Kingdom,London,Firefox 140.0 (Ubuntu),Registered User,2025-09-14,True
982,user_0982,Visitor,United Kingdom,London,Chrome Mobile (Android),Casual Visitor,2025-11-14,True
983,user_0983,Visitor,Germany,Berlin,Safari 18.0 (macOS),Casual Visitor,2025-09-04,True
984,user_0984,Visitor,Ethiopia,Mekelle,Safari 18.0 (macOS),Shopper,2025-06-09,True
985,user_0985,Visitor,United States,Dallas,Firefox 140.0 (Ubuntu),Shopper,2023-12-01,True
986,user_0986,Customer,Uganda,Kampala,Chrome 138.0 (Windows 11),Shopper,2026-02-13,True
987,user_0987,Visitor,United Kingdom,London,Firefox 140.0 (Ubuntu),Casual Visitor,2023-09-29,False
988,user_0988,Customer,Ethiopia,Mekelle,Chrome Mobile (Android),Shopper,2025-05-31,True
989,user_0989,Visitor,Tanzania,Dar es Salaam,Chrome 138.0 (Windows 11),Registered User,2024-12-11,True
990,user_0990,Visitor,India,Mumbai,Chrome 138.0 (Windows 11),Casual Visitor,2026-02-21,True
991,user_0991,Visitor,Tanzania,Dar es Salaam,Chrome Mobile (Android),Registered User,2024-08-21,True
992,user_0992,Customer,Kenya,Nairobi,Chrome Mobile (Android),Casual Visitor,2023-09-08,True
993,user_0993,Visitor,India,Mumbai,Firefox 140.0 (Ubuntu),Registered User,2023-12-18,True
994,user_0994,Visitor,United Kingdom,London,Edge 138.0 (Windows 11),Casual Visitor,2024-07-19,True
995,user_0995,Visitor,Tanzania,Dar es Salaam,Safari 18.0 (macOS),Registered User,2026-06-11,True
996,user_0996,Visitor,Tanzania,Dar es Salaam,Safari 18.0 (macOS),Casual Visitor,2026-01-08,True
997,user_0997,Visitor,Tanzania,Dar es Salaam,Edge 138.0 (Windows 11),Casual Visitor,2026-01-27,True
998,user_0998,Visitor,United Kingdom,London,Firefox 140.0 (Ubuntu),Casual Visitor,2023-08-31,True
999,user_0999,Visitor,United States,New York,Safari 18.0 (macOS),Shopper,2026-06-08,True
1000,user_1000,Customer,United Kingdom,London,Chrome Mobile (Android),Casual Visitor,2024-09-20,True
1001,user_1001,Visitor,Uganda,Kampala,Chrome Mobile (Android),Shopper,2026-01-10,False
1002,user_1002,Visitor,India,Mumbai,Safari 18.0 (macOS),Registered User,2023-09-30,True
1003,user_1003,Customer,United Kingdom,London,Chrome Mobile (Android),Administrator,2024-04-27,True
1004,user_1004,API Client,Kenya,Mombasa,Chrome 138.0 (Windows 11),API Client,2025-07-29,True
1005,user_1005,Visitor,Singapore,Singapore,Safari 18.0 (macOS),Shopper,2025-10-13,True
1006,user_1006,Visitor,Ethiopia,Mekelle,Chrome 138.0 (Windows 11),Shopper,2026-05-07,True
1007,user_1007,Visitor,Germany,Berlin,Edge 138.0 (Windows 11),Casual Visitor,2025-06-15,False
1008,user_1008,Customer,Kenya,Mombasa,Firefox 140.0 (Ubuntu),Registered User,2024-10-04,True
1009,user_1009,Visitor,Kenya,Mombasa,Firefox 140.0 (Ubuntu),Registered User,2024-05-06,True
1010,user_1010,Customer,United Kingdom,London,Chrome 138.0 (Windows 11),Registered User,2026-01-24,True
1011,user_1011,Visitor,United Kingdom,London,Edge 138.0 (Windows 11),Shopper,2025-06-06,True
1012,user_1012,Customer,Tanzania,Dar es Salaam,Edge 138.0 (Windows 11),Registered User,2026-04-11,True
1013,user_1013,Visitor,United Kingdom,London,Edge 138.0 (Windows 11),Shopper,2025-08-31,True
1014,user_1014,Customer,United Kingdom,London,Chrome 138.0 (Windows 11),Shopper,2023-12-18,True
1015,user_1015,Visitor,Uganda,Kampala,Chrome 138.0 (Windows 11),Shopper,2025-07-29,True
1016,user_1016,Visitor,Tanzania,Dar es Salaam,Edge 138.0 (Windows 11),Shopper,2025-01-20,True
1017,user_1017,Visitor,Kenya,Nairobi,Safari 18.0 (macOS),Shopper,2025-04-24,True
1018,user_1018,Customer,Ethiopia,Mekelle,Chrome Mobile (Android),Registered User,2024-12-28,True
1019,user_1019,Visitor,United Kingdom,London,Safari 18.0 (macOS),Casual Visitor,2024-12-09,True
1020,user_1020,API Client,Uganda,Kampala,Chrome 138.0 (Windows 11),Casual Visitor,2026-06-05,True
1021,user_1021,Visitor,Uganda,Kampala,Firefox 140.0 (Ubuntu),Shopper,2024-01-08,True
1022,user_1022,API Client,United States,Dallas,Chrome Mobile (Android),Administrator,2024-04-04,True
1023,user_1023,Customer,Germany,Berlin,Chrome 138.0 (Windows 11),Casual Visitor,2024-12-23,True
1024,user_1024,Visitor,Tanzania,Dar es Salaam,Edge 138.0 (Windows 11),Shopper,2025-04-29,True
1025,user_1025,Visitor,India,Mumbai,Chrome Mobile (Android),Casual Visitor,2025-09-06,True
1026,user_1026,Visitor,Uganda,Kampala,Edge 138.0 (Windows 11),API Client,2024-10-19,True
1027,user_1027,Visitor,Kenya,Nairobi,Safari 18.0 (macOS),API Client,2026-05-24,True
1028,user_1028,Visitor,Uganda,Kampala,Firefox 140.0 (Ubuntu),Registered User,2025-04-12,True
1029,user_1029,Visitor,Uganda,Kampala,Chrome 138.0 (Windows 11),API Client,2025-11-30,True
1030,user_1030,Visitor,India,Mumbai,Firefox 140.0 (Ubuntu),Shopper,2023-09-25,True
1031,user_1031,Visitor,United Kingdom,London,Safari 18.0 (macOS),Shopper,2025-07-05,True
1032,user_1032,Administrator,United States,New York,Safari 18.0 (macOS),Administrator,2023-12-13,True
1033,user_1033,Visitor,India,Mumbai,Chrome Mobile (Android),API Client,2024-11-29,True
1034,user_1034,Customer,United States,Dallas,Chrome Mobile (Android),Shopper,2024-08-25,True
1035,user_1035,Customer,India,Mumbai,Safari 18.0 (macOS),Administrator,2024-12-13,True
1036,user_1036,Visitor,Singapore,Singapore,Safari 18.0 (macOS),Shopper,2024-01-26,True
1037,user_1037,Visitor,United Kingdom,London,Chrome Mobile (Android),Shopper,2025-04-17,True
1038,user_1038,Visitor,Tanzania,Dar es Salaam,Chrome 138.0 (Windows 11),Shopper,2025-10-06,True
1039,user_1039,Visitor,Ethiopia,Mekelle,Edge 138.0 (Windows 11),Shopper,2023-07-31,True
1040,user_1040,Visitor,Kenya,Mombasa,Safari 18.0 (macOS),Casual Visitor,2026-05-16,True
1041,user_1041,Visitor,United States,Dallas,Safari 18.0 (macOS),Registered User,2025-11-18,True
1042,user_1042,Customer,India,Mumbai,Edge 138.0 (Windows 11),Casual Visitor,2025-07-16,True
1043,user_1043,Visitor,Germany,Berlin,Chrome Mobile (Android),Shopper,2025-05-01,True
1044,user_1044,API Client,United States,Dallas,Chrome Mobile (Android),API Client,2023-10-22,True
1045,user_1045,Visitor,Germany,Berlin,Edge 138.0 (Windows 11),Shopper,2024-05-16,True
1046,user_1046,Visitor,Uganda,Kampala,Safari 18.0 (macOS),Casual Visitor,2025-10-12,True
1047,user_1047,Visitor,United States,Dallas,Safari 18.0 (macOS),Casual Visitor,2025-02-11,True
1048,user_1048,Visitor,Uganda,Kampala,Safari 18.0 (macOS),Casual Visitor,2026-03-23,True
1049,user_1049,Visitor,United States,Dallas,Firefox 140.0 (Ubuntu),Casual Visitor,2025-09-11,True
1050,user_1050,Customer,India,Mumbai,Edge 138.0 (Windows 11),Shopper,2026-03-27,True
1051,user_1051,API Client,United States,Dallas,Chrome 138.0 (Windows 11),Casual Visitor,2025-06-15,True
1052,user_1052,Visitor,Kenya,Mombasa,Chrome 138.0 (Windows 11),Casual Visitor,2023-10-18,True
1053,user_1053,Visitor,Uganda,Kampala,Edge 138.0 (Windows 11),Casual Visitor,2024-06-10,True
1054,user_1054,Visitor,United Kingdom,London,Chrome Mobile (Android),Shopper,2024-09-16,True
1055,user_1055,Customer,Tanzania,Dar es Salaam,Chrome Mobile (Android),Registered User,2025-11-29,True
1056,user_1056,Visitor,United Kingdom,London,Edge 138.0 (Windows 11),Casual Visitor,2024-02-18,True
1057,user_1057,Visitor,Uganda,Kampala,Edge 138.0 (Windows 11),Casual Visitor,2024-10-19,True
1058,user_1058,Visitor,United Kingdom,London,Firefox 140.0 (Ubuntu),Shopper,2025-06-09,True
1059,user_1059,Visitor,Singapore,Singapore,Chrome 138.0 (Windows 11),Casual Visitor,2025-08-20,True
1060,user_1060,Visitor,Kenya,Mombasa,Edge 138.0 (Windows 11),Casual Visitor,2024-02-03,True
1061,user_1061,Visitor,Singapore,Singapore,Edge 138.0 (Windows 11),Casual Visitor,2023-09-12,True
1062,user_1062,Customer,Tanzania,Dar es Salaam,Firefox 140.0 (Ubuntu),Shopper,2026-04-03,True
1063,user_1063,API Client,Tanzania,Dar es Salaam,Safari 18.0 (macOS),Shopper,2026-03-01,True
1064,user_1064,Customer,Ethiopia,Addis Ababa,Safari 18.0 (macOS),Casual Visitor,2024-08-04,True
1065,user_1065,Visitor,Singapore,Singapore,Edge 138.0 (Windows 11),Casual Visitor,2024-04-01,True
1066,user_1066,Customer,Kenya,Nairobi,Chrome Mobile (Android),Casual Visitor,2024-11-23,True
1067,user_1067,Visitor,Uganda,Kampala,Firefox 140.0 (Ubuntu),Registered User,2025-12-01,True
1068,user_1068,Visitor,United Kingdom,London,Chrome Mobile (Android),Registered User,2023-08-20,True
1069,user_1069,Visitor,Singapore,Singapore,Chrome Mobile (Android),Registered User,2025-12-03,True
1070,user_1070,Visitor,Tanzania,Dar es Salaam,Chrome Mobile (Android),Casual Visitor,2025-04-23,True
1071,user_1071,Visitor,Tanzania,Dar es Salaam,Chrome Mobile (Android),Casual Visitor,2023-12-21,True
1072,user_1072,Customer,Ethiopia,Addis Ababa,Safari 18.0 (macOS),Shopper,2024-07-13,True
1073,user_1073,Customer,Germany,Berlin,Edge 138.0 (Windows 11),Casual Visitor,2024-01-22,True
1074,user_1074,Customer,Uganda,Kampala,Edge 138.0 (Windows 11),Shopper,2025-07-15,True
1075,user_1075,Visitor,United Kingdom,London,Edge 138.0 (Windows 11),Shopper,2024-01-28,True
1076,user_1076,Customer,India,Mumbai,Edge 138.0 (Windows 11),API Client,2026-05-01,True
1077,user_1077,Administrator,Ethiopia,Mekelle,Edge 138.0 (Windows 11),Casual Visitor,2024-03-25,False
1078,user_1078,Visitor,India,Mumbai,Chrome Mobile (Android),Shopper,2025-09-11,True
1079,user_1079,Visitor,Uganda,Kampala,Chrome Mobile (Android),API Client,2024-10-25,True
1080,user_1080,Visitor,Uganda,Kampala,Firefox 140.0 (Ubuntu),Casual Visitor,2025-09-27,True
1081,user_1081,Visitor,Germany,Berlin,Safari 18.0 (macOS),Registered User,2024-09-26,True
1082,user_1082,Visitor,United States,Dallas,Chrome Mobile (Android),API Client,2025-05-05,False
1083,user_1083,Visitor,Singapore,Singapore,Safari 18.0 (macOS),Casual Visitor,2025-08-17,True
1084,user_1084,Customer,India,Mumbai,Firefox 140.0 (Ubuntu),Casual Visitor,2025-08-01,True
1085,user_1085,Customer,Ethiopia,Mekelle,Firefox 140.0 (Ubuntu),Casual Visitor,2024-08-11,True
1086,user_1086,Customer,Uganda,Kampala,Chrome 138.0 (Windows 11),Registered User,2025-07-08,True
1087,user_1087,Customer,Singapore,Singapore,Firefox 140.0 (Ubuntu),Casual Visitor,2025-12-02,True
1088,user_1088,Visitor,Singapore,Singapore,Chrome Mobile (Android),Shopper,2024-03-10,False
1089,user_1089,Customer,Kenya,Mombasa,Chrome 138.0 (Windows 11),Casual Visitor,2025-03-16,True
1090,user_1090,Visitor,Germany,Berlin,Chrome 138.0 (Windows 11),Casual Visitor,2024-05-21,True
1091,user_1091,Visitor,United States,New York,Firefox 140.0 (Ubuntu),Casual Visitor,2026-02-15,True
1092,user_1092,Customer,Ethiopia,Mekelle,Chrome Mobile (Android),Shopper,2025-09-26,True
1093,user_1093,Visitor,Uganda,Kampala,Safari 18.0 (macOS),Shopper,2024-02-27,True
1094,user_1094,Visitor,United Kingdom,London,Chrome 138.0 (Windows 11),Shopper,2023-11-15,True
1095,user_1095,Customer,United Kingdom,London,Chrome Mobile (Android),Casual Visitor,2024-10-01,True
1096,user_1096,Visitor,United Kingdom,London,Edge 138.0 (Windows 11),API Client,2025-05-04,True
1097,user_1097,Visitor,Kenya,Nairobi,Edge 138.0 (Windows 11),Shopper,2025-01-07,True
1098,user_1098,Visitor,Ethiopia,Mekelle,Firefox 140.0 (Ubuntu),Casual Visitor,2025-09-25,True
1099,user_1099,Customer,India,Mumbai,Safari 18.0 (macOS),Casual Visitor,2024-09-17,True
1100,user_1100,Visitor,Kenya,Mombasa,Safari 18.0 (macOS),Casual Visitor,2023-08-02,True
1101,user_1101,Customer,India,Mumbai,Firefox 140.0 (Ubuntu),Casual Visitor,2024-10-11,True
1102,user_1102,Customer,United Kingdom,London,Edge 138.0 (Windows 11),API Client,2024-11-04,True
1103,user_1103,Visitor,Ethiopia,Addis Ababa,Chrome 138.0 (Windows 11),Casual Visitor,2026-01-26,True
1104,user_1104,Customer,Tanzania,Dar es Salaam,Chrome Mobile (Android),Casual Visitor,2026-01-15,True
1105,user_1105,Visitor,Ethiopia,Mekelle,Edge 138.0 (Windows 11),Registered User,2026-05-20,True
1106,user_1106,Visitor,United States,Dallas,Chrome Mobile (Android),Casual Visitor,2025-08-28,True
1107,user_1107,Customer,United States,Dallas,Chrome Mobile (Android),Casual Visitor,2024-03-16,True
1108,user_1108,Customer,Singapore,Singapore,Firefox 140.0 (Ubuntu),Shopper,2025-06-22,True
1109,user_1109,Administrator,India,Mumbai,Chrome Mobile (Android),Registered User,2025-11-12,True
1110,user_1110,Visitor,Germany,Berlin,Edge 138.0 (Windows 11),Shopper,2025-08-20,True
1111,user_1111,Visitor,United States,Dallas,Chrome 138.0 (Windows 11),Shopper,2025-01-16,True
1112,user_1112,Customer,United States,Dallas,Edge 138.0 (Windows 11),Shopper,2024-12-27,True
1113,user_1113,Visitor,Tanzania,Dar es Salaam,Chrome 138.0 (Windows 11),Casual Visitor,2025-12-03,True
1114,user_1114,Customer,India,Mumbai,Safari 18.0 (macOS),Shopper,2025-11-20,True
1115,user_1115,Visitor,Tanzania,Dar es Salaam,Chrome 138.0 (Windows 11),Casual Visitor,2025-03-06,True
1116,user_1116,Customer,Singapore,Singapore,Chrome 138.0 (Windows 11),API Client,2025-07-06,True
1117,user_1117,Customer,Kenya,Nairobi,Chrome 138.0 (Windows 11),Casual Visitor,2024-12-10,True
1118,user_1118,Customer,Ethiopia,Mekelle,Chrome 138.0 (Windows 11),Casual Visitor,2024-05-18,True
1119,user_1119,Visitor,Uganda,Kampala,Chrome Mobile (Android),Administrator,2024-08-03,True
1120,user_1120,Visitor,Singapore,Singapore,Chrome 138.0 (Windows 11),Casual Visitor,2026-01-03,True
1121,user_1121,Customer,United Kingdom,London,Safari 18.0 (macOS),Registered User,2025-03-15,True
1122,user_1122,Visitor,Germany,Berlin,Firefox 140.0 (Ubuntu),Casual Visitor,2024-07-26,True
1123,user_1123,Customer,Germany,Berlin,Chrome 138.0 (Windows 11),Shopper,2025-04-28,True
1124,user_1124,Visitor,Ethiopia,Mekelle,Safari 18.0 (macOS),Shopper,2023-10-05,False
1125,user_1125,Visitor,Uganda,Kampala,Edge 138.0 (Windows 11),Registered User,2024-12-05,True
1126,user_1126,Customer,Kenya,Nairobi,Firefox 140.0 (Ubuntu),Casual Visitor,2025-08-02,True
1127,user_1127,Visitor,United Kingdom,London,Firefox 140.0 (Ubuntu),Registered User,2025-03-13,True
1128,user_1128,Visitor,Germany,Berlin,Firefox 140.0 (Ubuntu),Casual Visitor,2025-03-20,True
1129,user_1129,Customer,Uganda,Kampala,Safari 18.0 (macOS),Registered User,2026-05-26,True
1130,user_1130,Visitor,Ethiopia,Mekelle,Safari 18.0 (macOS),Administrator,2026-05-07,True
1131,user_1131,Customer,Germany,Berlin,Edge 138.0 (Windows 11),Shopper,2024-03-22,True
1132,user_1132,Visitor,Singapore,Singapore,Chrome 138.0 (Windows 11),Registered User,2025-09-06,True
1133,user_1133,Customer,Uganda,Kampala,Firefox 140.0 (Ubuntu),Casual Visitor,2023-09-25,True
1134,user_1134,Customer,United States,Dallas,Chrome 138.0 (Windows 11),Casual Visitor,2024-02-11,True
1135,user_1135,Customer,Uganda,Kampala,Edge 138.0 (Windows 11),Shopper,2025-09-17,True
1136,user_1136,Visitor,Uganda,Kampala,Chrome Mobile (Android),Registered User,2026-01-31,True
1137,user_1137,Visitor,Tanzania,Dar es Salaam,Firefox 140.0 (Ubuntu),Casual Visitor,2024-12-26,True
1138,user_1138,Administrator,Tanzania,Dar es Salaam,Chrome Mobile (Android),Shopper,2024-01-01,True
1139,user_1139,Visitor,Ethiopia,Mekelle,Firefox 140.0 (Ubuntu),Casual Visitor,2025-06-12,True
1140,user_1140,Visitor,United States,New York,Edge 138.0 (Windows 11),Casual Visitor,2023-12-31,True
1141,user_1141,Customer,Kenya,Mombasa,Safari 18.0 (macOS),Registered User,2025-10-24,True
1142,user_1142,Visitor,Tanzania,Dar es Salaam,Edge 138.0 (Windows 11),Casual Visitor,2025-07-08,True
1143,user_1143,Customer,Uganda,Kampala,Chrome Mobile (Android),Casual Visitor,2023-08-22,True
1144,user_1144,Visitor,Tanzania,Dar es Salaam,Firefox 140.0 (Ubuntu),Casual Visitor,2024-03-09,False
1145,user_1145,Administrator,Tanzania,Dar es Salaam,Edge 138.0 (Windows 11),Shopper,2025-04-26,True
1146,user_1146,Visitor,Ethiopia,Addis Ababa,Edge 138.0 (Windows 11),API Client,2026-05-12,True
1147,user_1147,Customer,Tanzania,Dar es Salaam,Chrome Mobile (Android),Casual Visitor,2024-03-25,True
1148,user_1148,Visitor,Kenya,Nairobi,Firefox 140.0 (Ubuntu),Shopper,2023-11-23,True
1149,user_1149,Visitor,Kenya,Nairobi,Chrome Mobile (Android),Casual Visitor,2025-07-28,False
1150,user_1150,API Client,United Kingdom,London,Chrome Mobile (Android),Casual Visitor,2024-09-13,True
1151,user_1151,Administrator,Uganda,Kampala,Safari 18.0 (macOS),Casual Visitor,2025-01-05,True
1152,user_1152,Visitor,Singapore,Singapore,Chrome 138.0 (Windows 11),Casual Visitor,2026-03-24,False
1153,user_1153,Customer,India,Mumbai,Safari 18.0 (macOS),Casual Visitor,2025-04-07,True
1154,user_1154,Visitor,United States,Dallas,Firefox 140.0 (Ubuntu),Casual Visitor,2026-05-04,False
1155,user_1155,Visitor,Uganda,Kampala,Firefox 140.0 (Ubuntu),Casual Visitor,2023-12-01,True
1156,user_1156,Visitor,India,Mumbai,Safari 18.0 (macOS),Shopper,2024-12-21,False
1157,user_1157,Visitor,India,Mumbai,Chrome Mobile (Android),Shopper,2026-06-11,True
1158,user_1158,Visitor,Uganda,Kampala,Firefox 140.0 (Ubuntu),Registered User,2025-11-04,True
1159,user_1159,Customer,Uganda,Kampala,Chrome Mobile (Android),Casual Visitor,2025-03-11,False
1160,user_1160,Visitor,Kenya,Nairobi,Chrome 138.0 (Windows 11),Casual Visitor,2024-12-02,True
1161,user_1161,Visitor,Ethiopia,Mekelle,Chrome 138.0 (Windows 11),Casual Visitor,2026-03-29,True
1162,user_1162,Visitor,Ethiopia,Mekelle,Chrome 138.0 (Windows 11),Shopper,2025-08-26,True
1163,user_1163,Customer,India,Mumbai,Edge 138.0 (Windows 11),Shopper,2025-11-16,True
1164,user_1164,Visitor,Kenya,Mombasa,Chrome Mobile (Android),Casual Visitor,2023-09-23,True
1165,user_1165,Customer,United States,Dallas,Chrome 138.0 (Windows 11),Shopper,2026-03-15,True
1166,user_1166,Visitor,Ethiopia,Mekelle,Firefox 140.0 (Ubuntu),API Client,2023-11-13,True
1167,user_1167,Customer,Ethiopia,Addis Ababa,Firefox 140.0 (Ubuntu),Casual Visitor,2024-07-28,True
1168,user_1168,Visitor,Uganda,Kampala,Safari 18.0 (macOS),Registered User,2026-04-05,True
1169,user_1169,Customer,Uganda,Kampala,Edge 138.0 (Windows 11),Shopper,2026-06-27,True
1170,user_1170,Visitor,Germany,Berlin,Chrome Mobile (Android),Shopper,2024-10-18,True
1171,user_1171,Visitor,United Kingdom,London,Safari 18.0 (macOS),Casual Visitor,2024-07-17,True
1172,user_1172,Customer,India,Mumbai,Firefox 140.0 (Ubuntu),Administrator,2023-12-17,True
1173,user_1173,Visitor,Singapore,Singapore,Safari 18.0 (macOS),Casual Visitor,2025-06-03,True
1174,user_1174,API Client,United States,New York,Edge 138.0 (Windows 11),Registered User,2023-12-29,True
1175,user_1175,Customer,United States,New York,Chrome 138.0 (Windows 11),Shopper,2026-04-09,True
1176,user_1176,Visitor,Germany,Berlin,Chrome Mobile (Android),Registered User,2024-01-02,True
1177,user_1177,Visitor,Ethiopia,Addis Ababa,Safari 18.0 (macOS),Casual Visitor,2025-06-18,True
1178,user_1178,Visitor,Germany,Berlin,Edge 138.0 (Windows 11),Casual Visitor,2024-04-13,True
1179,user_1179,Visitor,India,Mumbai,Firefox 140.0 (Ubuntu),Casual Visitor,2024-11-06,True
1180,user_1180,Visitor,United States,New York,Chrome 138.0 (Windows 11),Casual Visitor,2023-09-12,True
1181,user_1181,Visitor,Uganda,Kampala,Safari 18.0 (macOS),Registered User,2023-10-09,False
1182,user_1182,Customer,India,Mumbai,Chrome Mobile (Android),Casual Visitor,2024-12-14,True
1183,user_1183,Visitor,Germany,Berlin,Firefox 140.0 (Ubuntu),Casual Visitor,2023-10-25,True
1184,user_1184,Customer,Kenya,Nairobi,Firefox 140.0 (Ubuntu),Shopper,2024-10-27,True
1185,user_1185,Customer,Tanzania,Dar es Salaam,Chrome Mobile (Android),Casual Visitor,2025-02-05,True
1186,user_1186,Visitor,India,Mumbai,Chrome 138.0 (Windows 11),Casual Visitor,2025-03-03,True
1187,user_1187,Visitor,India,Mumbai,Safari 18.0 (macOS),Shopper,2025-05-29,True
1188,user_1188,Visitor,Germany,Berlin,Chrome 138.0 (Windows 11),Shopper,2024-03-12,True
1189,user_1189,Customer,Germany,Berlin,Chrome Mobile (Android),Registered User,2024-08-12,False
1190,user_1190,Visitor,Kenya,Mombasa,Chrome Mobile (Android),Shopper,2025-11-01,True
1191,user_1191,Customer,India,Mumbai,Chrome Mobile (Android),Casual Visitor,2025-04-30,True
1192,user_1192,Visitor,Singapore,Singapore,Safari 18.0 (macOS),Registered User,2025-12-25,True
1193,user_1193,Customer,United Kingdom,London,Chrome 138.0 (Windows 11),Casual Visitor,2026-06-23,True
1194,user_1194,Visitor,India,Mumbai,Chrome Mobile (Android),Casual Visitor,2024-05-04,True
1195,user_1195,Visitor,United Kingdom,London,Edge 138.0 (Windows 11),Registered User,2024-04-19,True
1196,user_1196,Customer,Germany,Berlin,Firefox 140.0 (Ubuntu),Shopper,2024-04-26,True
1197,user_1197,Visitor,Ethiopia,Mekelle,Firefox 140.0 (Ubuntu),Casual Visitor,2023-11-29,True
1198,user_1198,Visitor,Germany,Berlin,Firefox 140.0 (Ubuntu),Shopper,2026-03-02,False
1199,user_1199,Visitor,United Kingdom,London,Firefox 140.0 (Ubuntu),Casual Visitor,2025-03-15,True
1200,user_1200,Customer,Singapore,Singapore,Edge 138.0 (Windows 11),Shopper,2026-03-18,True
1201,user_1201,Visitor,Ethiopia,Addis Ababa,Edge 138.0 (Windows 11),Registered User,2026-06-25,True
1202,user_1202,Customer,Singapore,Singapore,Chrome Mobile (Android),Shopper,2024-08-07,True
1203,user_1203,Customer,Kenya,Mombasa,Chrome 138.0 (Windows 11),API Client,2025-09-10,True
1204,user_1204,Visitor,Ethiopia,Addis Ababa,Firefox 140.0 (Ubuntu),Shopper,2026-01-20,True
1205,user_1205,Customer,United Kingdom,London,Safari 18.0 (macOS),Registered User,2024-03-08,True
1206,user_1206,Customer,Ethiopia,Addis Ababa,Edge 138.0 (Windows 11),Registered User,2024-07-24,True
1207,user_1207,API Client,Tanzania,Dar es Salaam,Chrome 138.0 (Windows 11),Casual Visitor,2025-07-15,True
1208,user_1208,Visitor,United Kingdom,London,Chrome 138.0 (Windows 11),Casual Visitor,2026-04-15,True
1209,user_1209,Customer,Germany,Berlin,Firefox 140.0 (Ubuntu),Casual Visitor,2024-08-27,True
1210,user_1210,Visitor,Germany,Berlin,Safari 18.0 (macOS),Shopper,2025-07-12,True
1211,user_1211,Administrator,India,Mumbai,Safari 18.0 (macOS),Casual Visitor,2024-08-29,True
1212,user_1212,Visitor,Singapore,Singapore,Edge 138.0 (Windows 11),Shopper,2026-05-30,True
1213,user_1213,Visitor,Germany,Berlin,Chrome 138.0 (Windows 11),Shopper,2023-08-13,True
1214,user_1214,Visitor,Kenya,Mombasa,Chrome Mobile (Android),Registered User,2025-07-21,True
1215,user_1215,Visitor,United Kingdom,London,Edge 138.0 (Windows 11),Administrator,2024-10-18,True
1216,user_1216,Visitor,Uganda,Kampala,Firefox 140.0 (Ubuntu),Registered User,2026-06-16,True
1217,user_1217,Customer,India,Mumbai,Safari 18.0 (macOS),Registered User,2025-11-25,True
1218,user_1218,Visitor,Ethiopia,Addis Ababa,Safari 18.0 (macOS),Registered User,2024-03-31,True
1219,user_1219,Visitor,Uganda,Kampala,Chrome Mobile (Android),Shopper,2023-11-21,True
1220,user_1220,Visitor,Uganda,Kampala,Chrome Mobile (Android),Shopper,2025-06-15,True
1221,user_1221,API Client,United States,Dallas,Chrome 138.0 (Windows 11),Registered User,2025-01-16,True
1222,user_1222,Visitor,United States,Dallas,Chrome 138.0 (Windows 11),Shopper,2026-01-27,True
1223,user_1223,Visitor,Kenya,Mombasa,Firefox 140.0 (Ubuntu),Registered User,2024-11-05,False
1224,user_1224,Visitor,Singapore,Singapore,Edge 138.0 (Windows 11),Shopper,2026-04-17,True
1225,user_1225,Visitor,Uganda,Kampala,Firefox 140.0 (Ubuntu),Casual Visitor,2025-05-19,True
1226,user_1226,Visitor,Tanzania,Dar es Salaam,Firefox 140.0 (Ubuntu),Registered User,2024-08-21,True
1227,user_1227,Visitor,Ethiopia,Addis Ababa,Firefox 140.0 (Ubuntu),Shopper,2025-07-08,True
1228,user_1228,Customer,United Kingdom,London,Chrome Mobile (Android),Registered User,2024-11-10,True
1229,user_1229,API Client,India,Mumbai,Safari 18.0 (macOS),Registered User,2024-06-03,True
1230,user_1230,Visitor,Uganda,Kampala,Safari 18.0 (macOS),Registered User,2025-03-18,True
1231,user_1231,Customer,Singapore,Singapore,Safari 18.0 (macOS),Shopper,2025-08-18,True
1232,user_1232,Administrator,Singapore,Singapore,Chrome 138.0 (Windows 11),Shopper,2024-01-11,True
1233,user_1233,Customer,Ethiopia,Mekelle,Chrome 138.0 (Windows 11),Shopper,2024-08-01,True
1234,user_1234,Visitor,United States,Dallas,Safari 18.0 (macOS),Casual Visitor,2025-03-13,True
1235,user_1235,Administrator,Germany,Berlin,Edge 138.0 (Windows 11),Registered User,2026-01-03,True
1236,user_1236,Visitor,India,Mumbai,Edge 138.0 (Windows 11),Casual Visitor,2025-02-06,True
1237,user_1237,Customer,India,Mumbai,Edge 138.0 (Windows 11),Registered User,2026-01-07,True
1238,user_1238,Visitor,Uganda,Kampala,Safari 18.0 (macOS),Registered User,2024-10-31,True
1239,user_1239,Visitor,Uganda,Kampala,Chrome Mobile (Android),Shopper,2024-10-30,True
1240,user_1240,Visitor,Tanzania,Dar es Salaam,Chrome 138.0 (Windows 11),API Client,2023-09-02,True
1241,user_1241,Customer,United States,New York,Chrome 138.0 (Windows 11),Shopper,2026-05-17,True
1242,user_1242,Customer,United States,New York,Chrome 138.0 (Windows 11),Casual Visitor,2025-04-04,True
1243,user_1243,Customer,Kenya,Nairobi,Chrome Mobile (Android),Registered User,2024-09-28,True
1244,user_1244,API Client,Singapore,Singapore,Edge 138.0 (Windows 11),Registered User,2023-08-11,True
1245,user_1245,Customer,India,Mumbai,Chrome Mobile (Android),Casual Visitor,2025-12-25,True
1246,user_1246,Visitor,India,Mumbai,Firefox 140.0 (Ubuntu),Shopper,2026-06-29,True
1247,user_1247,Visitor,United Kingdom,London,Chrome 138.0 (Windows 11),API Client,2023-10-14,True
1248,user_1248,Visitor,United States,New York,Chrome 138.0 (Windows 11),Casual Visitor,2026-02-26,False
1249,user_1249,Customer,Uganda,Kampala,Edge 138.0 (Windows 11),Casual Visitor,2025-09-08,True
1250,user_1250,Visitor,United States,Dallas,Firefox 140.0 (Ubuntu),Shopper,2024-10-16,True
1251,user_1251,Visitor,Germany,Berlin,Firefox 140.0 (Ubuntu),Registered User,2024-07-21,True
1252,user_1252,Administrator,India,Mumbai,Edge 138.0 (Windows 11),Casual Visitor,2026-02-27,True
1253,user_1253,Visitor,Germany,Berlin,Safari 18.0 (macOS),Shopper,2025-01-27,True
1254,user_1254,Customer,Kenya,Mombasa,Chrome Mobile (Android),Shopper,2024-07-04,True
1255,user_1255,Visitor,Singapore,Singapore,Safari 18.0 (macOS),Shopper,2026-04-13,True
1256,user_1256,Customer,Singapore,Singapore,Firefox 140.0 (Ubuntu),Casual Visitor,2024-05-20,False
1257,user_1257,API Client,Tanzania,Dar es Salaam,Chrome Mobile (Android),Shopper,2026-03-20,True
1258,user_1258,Customer,India,Mumbai,Firefox 140.0 (Ubuntu),Casual Visitor,2024-08-22,True
1259,user_1259,Customer,India,Mumbai,Safari 18.0 (macOS),API Client,2026-06-16,True
1260,user_1260,Visitor,Tanzania,Dar es Salaam,Chrome Mobile (Android),Shopper,2026-05-19,True
1261,user_1261,Customer,Germany,Berlin,Chrome Mobile (Android),API Client,2026-06-21,True
1262,user_1262,Customer,Tanzania,Dar es Salaam,Edge 138.0 (Windows 11),Shopper,2024-02-27,False
1263,user_1263,Visitor,India,Mumbai,Edge 138.0 (Windows 11),Casual Visitor,2026-03-31,True
1264,user_1264,Administrator,United Kingdom,London,Firefox 140.0 (Ubuntu),Shopper,2023-12-27,True
1265,user_1265,Administrator,India,Mumbai,Firefox 140.0 (Ubuntu),Shopper,2026-03-30,True
1266,user_1266,Visitor,India,Mumbai,Chrome 138.0 (Windows 11),Shopper,2026-04-29,True
1267,user_1267,Visitor,India,Mumbai,Safari 18.0 (macOS),Registered User,2023-09-29,True
1268,user_1268,Visitor,Uganda,Kampala,Edge 138.0 (Windows 11),Administrator,2024-11-20,True
1269,user_1269,Customer,Tanzania,Dar es Salaam,Edge 138.0 (Windows 11),Casual Visitor,2025-06-13,True
1270,user_1270,Visitor,United States,New York,Safari 18.0 (macOS),API Client,2023-09-19,True
1271,user_1271,Visitor,India,Mumbai,Safari 18.0 (macOS),Casual Visitor,2026-01-15,True
1272,user_1272,Visitor,Singapore,Singapore,Firefox 140.0 (Ubuntu),Shopper,2025-02-15,True
1273,user_1273,Customer,Uganda,Kampala,Chrome 138.0 (Windows 11),Casual Visitor,2024-02-19,True
1274,user_1274,Visitor,Tanzania,Dar es Salaam,Chrome 138.0 (Windows 11),API Client,2023-12-17,True
1275,user_1275,Customer,Singapore,Singapore,Safari 18.0 (macOS),Casual Visitor,2024-10-30,True
1276,user_1276,Visitor,Kenya,Mombasa,Safari 18.0 (macOS),Casual Visitor,2024-12-18,True
1277,user_1277,Visitor,India,Mumbai,Chrome 138.0 (Windows 11),Registered User,2025-05-05,True
1278,user_1278,Visitor,United States,Dallas,Edge 138.0 (Windows 11),Casual Visitor,2024-04-27,True
1279,user_1279,API Client,Ethiopia,Addis Ababa,Firefox 140.0 (Ubuntu),API Client,2024-06-05,True
1280,user_1280,Visitor,Ethiopia,Addis Ababa,Edge 138.0 (Windows 11),Casual Visitor,2024-02-20,True
1281,user_1281,Visitor,Ethiopia,Addis Ababa,Chrome 138.0 (Windows 11),Shopper,2025-11-13,True
1282,user_1282,Visitor,United Kingdom,London,Safari 18.0 (macOS),Casual Visitor,2025-02-17,True
1283,user_1283,Visitor,Kenya,Mombasa,Firefox 140.0 (Ubuntu),Administrator,2025-10-31,True
1284,user_1284,Customer,India,Mumbai,Chrome Mobile (Android),Casual Visitor,2025-09-16,False
1285,user_1285,Visitor,Kenya,Mombasa,Chrome 138.0 (Windows 11),Registered User,2024-09-25,True
1286,user_1286,Visitor,India,Mumbai,Safari 18.0 (macOS),Casual Visitor,2024-04-10,True
1287,user_1287,Visitor,Singapore,Singapore,Safari 18.0 (macOS),Shopper,2024-09-01,True
1288,user_1288,Customer,Germany,Berlin,Chrome Mobile (Android),Casual Visitor,2025-08-16,True
1289,user_1289,Visitor,Germany,Berlin,Chrome 138.0 (Windows 11),Shopper,2024-10-30,True
1290,user_1290,Visitor,Tanzania,Dar es Salaam,Chrome Mobile (Android),Registered User,2025-01-06,True
1291,user_1291,Customer,Tanzania,Dar es Salaam,Edge 138.0 (Windows 11),Casual Visitor,2024-01-24,True
1292,user_1292,Visitor,India,Mumbai,Chrome 138.0 (Windows 11),Casual Visitor,2025-07-26,True
1293,user_1293,Visitor,Germany,Berlin,Chrome Mobile (Android),Registered User,2023-11-23,True
1294,user_1294,Visitor,United States,Dallas,Chrome 138.0 (Windows 11),Shopper,2024-03-04,True
1295,user_1295,Visitor,Uganda,Kampala,Chrome Mobile (Android),Registered User,2024-07-14,True
1296,user_1296,Customer,Tanzania,Dar es Salaam,Firefox 140.0 (Ubuntu),Registered User,2026-06-14,True
1297,user_1297,Customer,India,Mumbai,Edge 138.0 (Windows 11),Registered User,2026-06-11,True
1298,user_1298,Visitor,United Kingdom,London,Firefox 140.0 (Ubuntu),Casual Visitor,2025-04-07,True
1299,user_1299,Visitor,Kenya,Mombasa,Chrome 138.0 (Windows 11),Shopper,2025-12-11,True
1300,user_1300,Visitor,India,Mumbai,Edge 138.0 (Windows 11),Registered User,2025-02-17,True
1301,user_1301,Customer,Germany,Berlin,Chrome 138.0 (Windows 11),Casual Visitor,2023-12-17,True
1302,user_1302,Visitor,Kenya,Nairobi,Safari 18.0 (macOS),Casual Visitor,2025-04-02,True
1303,user_1303,API Client,United Kingdom,London,Firefox 140.0 (Ubuntu),Casual Visitor,2023-08-20,True
1304,user_1304,Visitor,United States,New York,Chrome Mobile (Android),Casual Visitor,2024-09-12,True
1305,user_1305,Administrator,Uganda,Kampala,Chrome 138.0 (Windows 11),Registered User,2025-11-09,True
1306,user_1306,Administrator,Ethiopia,Mekelle,Edge 138.0 (Windows 11),Shopper,2024-02-06,True
1307,user_1307,Administrator,United Kingdom,London,Chrome Mobile (Android),Registered User,2025-07-05,True
1308,user_1308,Visitor,Ethiopia,Addis Ababa,Firefox 140.0 (Ubuntu),Registered User,2025-02-21,True
1309,user_1309,Visitor,Germany,Berlin,Safari 18.0 (macOS),API Client,2026-06-09,True
1310,user_1310,Customer,Kenya,Nairobi,Edge 138.0 (Windows 11),Registered User,2026-06-08,True
1311,user_1311,Customer,Kenya,Mombasa,Chrome Mobile (Android),API Client,2024-09-09,True
1312,user_1312,Customer,Tanzania,Dar es Salaam,Chrome Mobile (Android),Casual Visitor,2026-01-23,True
1313,user_1313,Visitor,Singapore,Singapore,Safari 18.0 (macOS),Casual Visitor,2025-03-12,True
1314,user_1314,Customer,Singapore,Singapore,Safari 18.0 (macOS),Shopper,2026-04-16,True
1315,user_1315,Visitor,Kenya,Nairobi,Firefox 140.0 (Ubuntu),Shopper,2025-02-26,True
1316,user_1316,Visitor,Tanzania,Dar es Salaam,Safari 18.0 (macOS),Shopper,2024-01-14,True
1317,user_1317,Customer,United Kingdom,London,Firefox 140.0 (Ubuntu),Registered User,2026-06-12,True
1318,user_1318,Visitor,Singapore,Singapore,Chrome 138.0 (Windows 11),Shopper,2024-07-27,True
1319,user_1319,Visitor,Germany,Berlin,Safari 18.0 (macOS),Casual Visitor,2025-07-31,True
1320,user_1320,Visitor,United States,Dallas,Safari 18.0 (macOS),Casual Visitor,2023-09-06,True
1321,user_1321,Visitor,United Kingdom,London,Chrome Mobile (Android),Shopper,2026-03-18,True
1322,user_1322,Visitor,United States,New York,Chrome 138.0 (Windows 11),Casual Visitor,2025-12-18,True
1323,user_1323,Customer,United Kingdom,London,Edge 138.0 (Windows 11),Casual Visitor,2024-12-20,True
1324,user_1324,Customer,United States,New York,Firefox 140.0 (Ubuntu),API Client,2026-03-03,True
1325,user_1325,Visitor,Singapore,Singapore,Edge 138.0 (Windows 11),Casual Visitor,2024-07-07,True
1326,user_1326,Customer,Germany,Berlin,Chrome 138.0 (Windows 11),Shopper,2026-05-01,True
1327,user_1327,Visitor,Uganda,Kampala,Firefox 140.0 (Ubuntu),Shopper,2023-11-05,True
1328,user_1328,Customer,Singapore,Singapore,Safari 18.0 (macOS),Casual Visitor,2026-04-12,True
1329,user_1329,Customer,Tanzania,Dar es Salaam,Safari 18.0 (macOS),Casual Visitor,2025-07-20,True
1330,user_1330,Visitor,Singapore,Singapore,Chrome Mobile (Android),Registered User,2024-11-10,True
1331,user_1331,Customer,Kenya,Mombasa,Edge 138.0 (Windows 11),Casual Visitor,2026-05-03,True
1332,user_1332,Visitor,Germany,Berlin,Chrome 138.0 (Windows 11),Shopper,2025-04-24,True
1333,user_1333,API Client,Uganda,Kampala,Edge 138.0 (Windows 11),Shopper,2024-01-27,True
1334,user_1334,Visitor,Germany,Berlin,Safari 18.0 (macOS),Casual Visitor,2024-03-03,True
1335,user_1335,Visitor,India,Mumbai,Safari 18.0 (macOS),Shopper,2023-10-08,True
1336,user_1336,Customer,Uganda,Kampala,Firefox 140.0 (Ubuntu),Casual Visitor,2023-09-25,True
1337,user_1337,Visitor,India,Mumbai,Chrome 138.0 (Windows 11),Administrator,2024-11-13,True
1338,user_1338,Visitor,Tanzania,Dar es Salaam,Chrome Mobile (Android),Casual Visitor,2025-09-02,True
1339,user_1339,Visitor,Singapore,Singapore,Safari 18.0 (macOS),Casual Visitor,2024-01-26,False
1340,user_1340,Visitor,Uganda,Kampala,Chrome 138.0 (Windows 11),Casual Visitor,2023-12-27,True
1341,user_1341,Customer,Tanzania,Dar es Salaam,Edge 138.0 (Windows 11),Shopper,2024-07-28,True
1342,user_1342,Customer,India,Mumbai,Edge 138.0 (Windows 11),Shopper,2025-11-11,True
1343,user_1343,Visitor,India,Mumbai,Firefox 140.0 (Ubuntu),Shopper,2024-02-25,True
1344,user_1344,Administrator,Tanzania,Dar es Salaam,Safari 18.0 (macOS),Shopper,2025-03-24,True
1345,user_1345,Customer,Ethiopia,Mekelle,Safari 18.0 (macOS),Casual Visitor,2025-07-03,True
1346,user_1346,Customer,United States,Dallas,Firefox 140.0 (Ubuntu),Shopper,2025-02-25,True
1347,user_1347,Visitor,Germany,Berlin,Firefox 140.0 (Ubuntu),Shopper,2026-06-05,True
1348,user_1348,Customer,Kenya,Nairobi,Firefox 140.0 (Ubuntu),Casual Visitor,2025-11-15,True
1349,user_1349,Customer,United States,New York,Firefox 140.0 (Ubuntu),Administrator,2025-05-11,True
1350,user_1350,API Client,Singapore,Singapore,Chrome 138.0 (Windows 11),Registered User,2026-01-27,True
1351,user_1351,Visitor,United Kingdom,London,Edge 138.0 (Windows 11),Casual Visitor,2024-03-26,True
1352,user_1352,Customer,Kenya,Nairobi,Safari 18.0 (macOS),Casual Visitor,2025-05-04,True
1353,user_1353,Visitor,Tanzania,Dar es Salaam,Edge 138.0 (Windows 11),Casual Visitor,2026-05-12,True
1354,user_1354,Visitor,United Kingdom,London,Chrome 138.0 (Windows 11),Casual Visitor,2023-12-30,True
1355,user_1355,Visitor,India,Mumbai,Edge 138.0 (Windows 11),Registered User,2025-08-28,True
1356,user_1356,Visitor,Kenya,Nairobi,Chrome 138.0 (Windows 11),Shopper,2026-03-12,True
1357,user_1357,Customer,Ethiopia,Addis Ababa,Firefox 140.0 (Ubuntu),Shopper,2025-04-23,True
1358,user_1358,Visitor,Kenya,Nairobi,Chrome 138.0 (Windows 11),Registered User,2024-10-06,True
1359,user_1359,Customer,Ethiopia,Mekelle,Safari 18.0 (macOS),Casual Visitor,2023-09-18,True
1360,user_1360,Administrator,Germany,Berlin,Edge 138.0 (Windows 11),Administrator,2025-02-24,True
1361,user_1361,Visitor,Kenya,Mombasa,Chrome 138.0 (Windows 11),Casual Visitor,2024-07-01,True
1362,user_1362,API Client,Ethiopia,Addis Ababa,Chrome 138.0 (Windows 11),Registered User,2025-06-17,True
1363,user_1363,Visitor,Uganda,Kampala,Chrome Mobile (Android),Casual Visitor,2025-06-19,True
1364,user_1364,Customer,Singapore,Singapore,Chrome Mobile (Android),Casual Visitor,2024-07-30,True
1365,user_1365,Visitor,Tanzania,Dar es Salaam,Edge 138.0 (Windows 11),Casual Visitor,2025-02-12,True
1366,user_1366,Visitor,United Kingdom,London,Safari 18.0 (macOS),Casual Visitor,2023-12-31,True
1367,user_1367,Visitor,United States,Dallas,Firefox 140.0 (Ubuntu),Shopper,2026-06-29,True
1368,user_1368,Customer,India,Mumbai,Chrome Mobile (Android),Casual Visitor,2025-02-19,False
1369,user_1369,Customer,United Kingdom,London,Firefox 140.0 (Ubuntu),Casual Visitor,2025-11-21,True
1370,user_1370,Visitor,United Kingdom,London,Chrome 138.0 (Windows 11),Shopper,2026-04-26,True
1371,user_1371,Visitor,Germany,Berlin,Chrome 138.0 (Windows 11),Casual Visitor,2025-02-06,True
1372,user_1372,Visitor,Ethiopia,Mekelle,Safari 18.0 (macOS),Registered User,2023-11-01,True
1373,user_1373,Visitor,Kenya,Nairobi,Edge 138.0 (Windows 11),Casual Visitor,2025-04-08,True
1374,user_1374,Administrator,Kenya,Nairobi,Chrome Mobile (Android),API Client,2024-09-30,True
1375,user_1375,Visitor,United Kingdom,London,Chrome 138.0 (Windows 11),Shopper,2024-05-19,False
1376,user_1376,Visitor,United States,New York,Edge 138.0 (Windows 11),Casual Visitor,2024-02-04,True
1377,user_1377,Customer,Kenya,Nairobi,Firefox 140.0 (Ubuntu),Shopper,2025-07-05,True
1378,user_1378,Visitor,United Kingdom,London,Chrome 138.0 (Windows 11),Casual Visitor,2023-12-19,True
1379,user_1379,Customer,Tanzania,Dar es Salaam,Firefox 140.0 (Ubuntu),Administrator,2026-05-24,True
1380,user_1380,Visitor,Uganda,Kampala,Chrome 138.0 (Windows 11),Shopper,2024-06-23,True
1381,user_1381,Visitor,Uganda,Kampala,Firefox 140.0 (Ubuntu),Shopper,2026-04-21,True
1382,user_1382,Visitor,India,Mumbai,Safari 18.0 (macOS),Casual Visitor,2026-04-18,False
1383,user_1383,Visitor,Germany,Berlin,Safari 18.0 (macOS),Shopper,2026-02-11,True
1384,user_1384,Customer,Germany,Berlin,Safari 18.0 (macOS),Casual Visitor,2023-09-01,True
1385,user_1385,Customer,Ethiopia,Mekelle,Firefox 140.0 (Ubuntu),Shopper,2023-10-16,True
1386,user_1386,Visitor,Germany,Berlin,Edge 138.0 (Windows 11),Casual Visitor,2024-12-29,True
1387,user_1387,Visitor,Ethiopia,Mekelle,Safari 18.0 (macOS),Casual Visitor,2024-08-11,True
1388,user_1388,Customer,Kenya,Nairobi,Edge 138.0 (Windows 11),Shopper,2024-02-10,True
1389,user_1389,Visitor,Germany,Berlin,Edge 138.0 (Windows 11),Shopper,2025-12-23,True
1390,user_1390,API Client,Germany,Berlin,Chrome 138.0 (Windows 11),Casual Visitor,2024-06-12,True
1391,user_1391,API Client,Tanzania,Dar es Salaam,Edge 138.0 (Windows 11),Shopper,2023-11-13,True
1392,user_1392,Customer,United Kingdom,London,Safari 18.0 (macOS),Registered User,2025-12-06,True
1393,user_1393,Customer,Kenya,Mombasa,Chrome 138.0 (Windows 11),Shopper,2024-06-15,True
1394,user_1394,Administrator,United States,Dallas,Firefox 140.0 (Ubuntu),Casual Visitor,2026-01-25,True
1395,user_1395,Visitor,Uganda,Kampala,Chrome 138.0 (Windows 11),Shopper,2024-06-29,True
1396,user_1396,Visitor,Germany,Berlin,Firefox 140.0 (Ubuntu),Registered User,2024-07-25,True
1397,user_1397,Customer,Germany,Berlin,Chrome Mobile (Android),API Client,2024-12-21,True
1398,user_1398,Customer,Germany,Berlin,Chrome 138.0 (Windows 11),Casual Visitor,2024-03-15,True
1399,user_1399,Visitor,United Kingdom,London,Firefox 140.0 (Ubuntu),Administrator,2026-02-09,True
1400,user_1400,API Client,United States,New York,Safari 18.0 (macOS),Casual Visitor,2023-08-03,True
1401,user_1401,Customer,Germany,Berlin,Safari 18.0 (macOS),Casual Visitor,2024-10-02,True
1402,user_1402,Visitor,Uganda,Kampala,Chrome Mobile (Android),Administrator,2024-03-10,True
1403,user_1403,Visitor,Tanzania,Dar es Salaam,Firefox 140.0 (Ubuntu),Registered User,2024-02-16,True
1404,user_1404,Customer,Germany,Berlin,Chrome Mobile (Android),Casual Visitor,2025-11-15,True
1405,user_1405,Visitor,Ethiopia,Mekelle,Chrome 138.0 (Windows 11),Casual Visitor,2024-08-22,True
1406,user_1406,Visitor,Tanzania,Dar es Salaam,Chrome 138.0 (Windows 11),Casual Visitor,2024-04-26,True
1407,user_1407,Visitor,Kenya,Nairobi,Chrome Mobile (Android),Registered User,2024-01-16,True
1408,user_1408,Administrator,Singapore,Singapore,Safari 18.0 (macOS),Registered User,2026-05-21,True
1409,user_1409,Customer,United Kingdom,London,Edge 138.0 (Windows 11),API Client,2023-09-08,True
1410,user_1410,Visitor,United Kingdom,London,Chrome 138.0 (Windows 11),API Client,2024-02-19,True
1411,user_1411,Visitor,Ethiopia,Addis Ababa,Safari 18.0 (macOS),Registered User,2023-08-22,True
1412,user_1412,Customer,Uganda,Kampala,Chrome Mobile (Android),Casual Visitor,2025-02-05,True
1413,user_1413,Visitor,Tanzania,Dar es Salaam,Safari 18.0 (macOS),Shopper,2024-08-02,True
1414,user_1414,Visitor,Kenya,Mombasa,Edge 138.0 (Windows 11),Registered User,2026-01-29,False
1415,user_1415,Visitor,United Kingdom,London,Safari 18.0 (macOS),Shopper,2024-12-13,True
1416,user_1416,Visitor,Ethiopia,Mekelle,Safari 18.0 (macOS),API Client,2023-08-23,True
1417,user_1417,Visitor,Ethiopia,Mekelle,Firefox 140.0 (Ubuntu),Registered User,2024-04-25,True
1418,user_1418,Visitor,Singapore,Singapore,Chrome 138.0 (Windows 11),Casual Visitor,2024-09-14,True
1419,user_1419,Visitor,Singapore,Singapore,Safari 18.0 (macOS),API Client,2023-10-19,True
1420,user_1420,Visitor,Singapore,Singapore,Firefox 140.0 (Ubuntu),Registered User,2024-02-11,True
1421,user_1421,Visitor,Ethiopia,Addis Ababa,Chrome 138.0 (Windows 11),Casual Visitor,2025-05-13,True
1422,user_1422,Visitor,Germany,Berlin,Edge 138.0 (Windows 11),Shopper,2025-10-24,False
1423,user_1423,Administrator,Ethiopia,Addis Ababa,Safari 18.0 (macOS),Casual Visitor,2024-01-22,True
1424,user_1424,Customer,Tanzania,Dar es Salaam,Safari 18.0 (macOS),Administrator,2023-11-05,True
1425,user_1425,Customer,Germany,Berlin,Firefox 140.0 (Ubuntu),Casual Visitor,2025-08-07,True
1426,user_1426,Visitor,Ethiopia,Addis Ababa,Chrome Mobile (Android),Administrator,2025-06-25,True
1427,user_1427,Visitor,Ethiopia,Mekelle,Edge 138.0 (Windows 11),API Client,2025-02-11,True
1428,user_1428,Visitor,Kenya,Mombasa,Chrome Mobile (Android),Casual Visitor,2025-10-04,True
1429,user_1429,Customer,Germany,Berlin,Firefox 140.0 (Ubuntu),Shopper,2026-02-06,True
1430,user_1430,Visitor,Tanzania,Dar es Salaam,Chrome Mobile (Android),Registered User,2024-01-15,True
1431,user_1431,Visitor,United States,New York,Safari 18.0 (macOS),Casual Visitor,2025-07-01,True
1432,user_1432,Visitor,Kenya,Mombasa,Chrome 138.0 (Windows 11),Casual Visitor,2025-09-19,True
1433,user_1433,Visitor,India,Mumbai,Safari 18.0 (macOS),Casual Visitor,2024-07-08,True
1434,user_1434,Customer,Uganda,Kampala,Firefox 140.0 (Ubuntu),Registered User,2026-03-11,True
1435,user_1435,Customer,Uganda,Kampala,Edge 138.0 (Windows 11),API Client,2023-10-05,True
1436,user_1436,Visitor,Uganda,Kampala,Edge 138.0 (Windows 11),Shopper,2026-05-18,True
1437,user_1437,Visitor,United Kingdom,London,Chrome Mobile (Android),Registered User,2025-10-17,True
1438,user_1438,Visitor,Tanzania,Dar es Salaam,Edge 138.0 (Windows 11),Registered User,2024-11-09,True
1439,user_1439,Visitor,Kenya,Mombasa,Firefox 140.0 (Ubuntu),Shopper,2025-07-10,True
1440,user_1440,Customer,India,Mumbai,Firefox 140.0 (Ubuntu),Casual Visitor,2026-04-24,True
1441,user_1441,Customer,Kenya,Mombasa,Chrome Mobile (Android),Casual Visitor,2023-09-16,True
1442,user_1442,API Client,Uganda,Kampala,Safari 18.0 (macOS),Shopper,2023-11-01,True
1443,user_1443,Visitor,Kenya,Nairobi,Safari 18.0 (macOS),Casual Visitor,2025-08-12,True
1444,user_1444,Customer,Singapore,Singapore,Firefox 140.0 (Ubuntu),Shopper,2025-04-13,True
1445,user_1445,Visitor,Kenya,Nairobi,Safari 18.0 (macOS),Casual Visitor,2025-05-22,True
1446,user_1446,Customer,Uganda,Kampala,Chrome 138.0 (Windows 11),Registered User,2026-06-29,True
1447,user_1447,Customer,Germany,Berlin,Safari 18.0 (macOS),Casual Visitor,2024-01-13,True
1448,user_1448,Visitor,Ethiopia,Addis Ababa,Chrome Mobile (Android),Casual Visitor,2025-08-29,True
1449,user_1449,Customer,India,Mumbai,Chrome 138.0 (Windows 11),Registered User,2025-06-18,True
1450,user_1450,Visitor,India,Mumbai,Firefox 140.0 (Ubuntu),Casual Visitor,2023-11-21,True
1451,user_1451,Visitor,Singapore,Singapore,Chrome 138.0 (Windows 11),Casual Visitor,2023-12-02,True
1452,user_1452,Visitor,Singapore,Singapore,Chrome Mobile (Android),Shopper,2024-12-11,True
1453,user_1453,API Client,Ethiopia,Addis Ababa,Chrome 138.0 (Windows 11),Casual Visitor,2026-02-28,True
1454,user_1454,Customer,Uganda,Kampala,Edge 138.0 (Windows 11),Casual Visitor,2024-03-16,True
1455,user_1455,Visitor,Tanzania,Dar es Salaam,Edge 138.0 (Windows 11),Registered User,2023-11-09,True
1456,user_1456,Visitor,Ethiopia,Mekelle,Chrome Mobile (Android),Casual Visitor,2024-02-11,False
1457,user_1457,Visitor,Kenya,Nairobi,Chrome Mobile (Android),Administrator,2024-09-29,True
1458,user_1458,Visitor,Singapore,Singapore,Safari 18.0 (macOS),Shopper,2026-03-25,True
1459,user_1459,Customer,United Kingdom,London,Chrome 138.0 (Windows 11),Casual Visitor,2026-04-08,True
1460,user_1460,API Client,United States,New York,Chrome Mobile (Android),Shopper,2026-01-24,True
1461,user_1461,Customer,United States,New York,Safari 18.0 (macOS),Casual Visitor,2025-11-27,True
1462,user_1462,Visitor,Germany,Berlin,Chrome 138.0 (Windows 11),Administrator,2024-12-16,True
1463,user_1463,Visitor,Uganda,Kampala,Edge 138.0 (Windows 11),API Client,2025-03-12,True
1464,user_1464,Customer,Tanzania,Dar es Salaam,Chrome Mobile (Android),Shopper,2026-02-12,True
1465,user_1465,API Client,Uganda,Kampala,Safari 18.0 (macOS),Casual Visitor,2025-10-31,False
1466,user_1466,Visitor,Tanzania,Dar es Salaam,Chrome Mobile (Android),Casual Visitor,2024-10-30,True
1467,user_1467,Customer,Ethiopia,Mekelle,Edge 138.0 (Windows 11),Administrator,2025-07-03,True
1468,user_1468,Visitor,Uganda,Kampala,Chrome 138.0 (Windows 11),Casual Visitor,2025-09-22,False
1469,user_1469,Customer,Germany,Berlin,Chrome 138.0 (Windows 11),Casual Visitor,2026-02-24,True
1470,user_1470,Visitor,United States,Dallas,Edge 138.0 (Windows 11),Registered User,2025-05-28,True
1471,user_1471,Customer,Singapore,Singapore,Chrome 138.0 (Windows 11),Casual Visitor,2023-12-31,True
1472,user_1472,Visitor,Germany,Berlin,Chrome Mobile (Android),Shopper,2024-01-23,True
1473,user_1473,Customer,Germany,Berlin,Edge 138.0 (Windows 11),Casual Visitor,2026-05-12,True
1474,user_1474,Visitor,Uganda,Kampala,Chrome Mobile (Android),Registered User,2026-05-06,True
1475,user_1475,Customer,United Kingdom,London,Safari 18.0 (macOS),Registered User,2025-12-02,True
1476,user_1476,Visitor,United Kingdom,London,Edge 138.0 (Windows 11),API Client,2024-06-28,True
1477,user_1477,Customer,Tanzania,Dar es Salaam,Chrome 138.0 (Windows 11),Administrator,2025-05-28,True
1478,user_1478,Customer,United Kingdom,London,Chrome 138.0 (Windows 11),Registered User,2025-06-30,True
1479,user_1479,Visitor,Uganda,Kampala,Edge 138.0 (Windows 11),Shopper,2024-07-18,True
1480,user_1480,Customer,Kenya,Mombasa,Firefox 140.0 (Ubuntu),Shopper,2025-05-02,True
1481,user_1481,Visitor,Singapore,Singapore,Chrome Mobile (Android),Casual Visitor,2025-01-06,True
1482,user_1482,Customer,Kenya,Mombasa,Edge 138.0 (Windows 11),Casual Visitor,2025-07-03,True
1483,user_1483,Customer,Singapore,Singapore,Firefox 140.0 (Ubuntu),Shopper,2025-04-09,True
1484,user_1484,Visitor,Singapore,Singapore,Edge 138.0 (Windows 11),Registered User,2025-05-06,True
1485,user_1485,Visitor,Kenya,Mombasa,Firefox 140.0 (Ubuntu),Casual Visitor,2023-12-24,True
1486,user_1486,Visitor,Tanzania,Dar es Salaam,Safari 18.0 (macOS),Casual Visitor,2024-11-26,True
1487,user_1487,Administrator,Germany,Berlin,Chrome Mobile (Android),Registered User,2025-05-22,True
1488,user_1488,Visitor,India,Mumbai,Chrome 138.0 (Windows 11),Shopper,2024-11-26,True
1489,user_1489,Visitor,United Kingdom,London,Firefox 140.0 (Ubuntu),Shopper,2026-05-28,True
1490,user_1490,Visitor,Germany,Berlin,Chrome Mobile (Android),Shopper,2024-08-28,True
1491,user_1491,Visitor,Ethiopia,Mekelle,Edge 138.0 (Windows 11),Casual Visitor,2025-03-02,True
1492,user_1492,Visitor,United States,Dallas,Firefox 140.0 (Ubuntu),Shopper,2024-03-23,True
1493,user_1493,Visitor,India,Mumbai,Edge 138.0 (Windows 11),Registered User,2025-08-04,True
1494,user_1494,Visitor,Tanzania,Dar es Salaam,Chrome 138.0 (Windows 11),Casual Visitor,2023-11-11,True
1495,user_1495,Visitor,United Kingdom,London,Firefox 140.0 (Ubuntu),Administrator,2023-12-18,False
1496,user_1496,Visitor,United States,New York,Chrome Mobile (Android),Shopper,2023-12-09,True
1497,user_1497,Customer,Uganda,Kampala,Safari 18.0 (macOS),Shopper,2023-12-21,True
1498,user_1498,Visitor,Germany,Berlin,Chrome 138.0 (Windows 11),Registered User,2025-05-30,True
1499,user_1499,Customer,United Kingdom,London,Firefox 140.0 (Ubuntu),Casual Visitor,2023-12-27,True
1500,user_1500,Visitor,Germany,Berlin,Edge 138.0 (Windows 11),Casual Visitor,2025-02-27,True
1501,user_1501,Customer,Germany,Berlin,Chrome Mobile (Android),Casual Visitor,2024-02-17,True
1502,user_1502,API Client,Ethiopia,Mekelle,Firefox 140.0 (Ubuntu),Shopper,2025-12-10,True
1503,user_1503,Customer,India,Mumbai,Chrome Mobile (Android),Shopper,2023-10-31,True
1504,user_1504,Visitor,Uganda,Kampala,Safari 18.0 (macOS),Casual Visitor,2026-01-26,False
1505,user_1505,Visitor,Uganda,Kampala,Firefox 140.0 (Ubuntu),Casual Visitor,2025-12-18,True
1506,user_1506,Customer,Germany,Berlin,Firefox 140.0 (Ubuntu),Casual Visitor,2025-12-18,True
1507,user_1507,Customer,Kenya,Mombasa,Edge 138.0 (Windows 11),Casual Visitor,2024-12-23,True
1508,user_1508,Visitor,United Kingdom,London,Chrome 138.0 (Windows 11),Casual Visitor,2026-06-04,True
1509,user_1509,Visitor,United Kingdom,London,Edge 138.0 (Windows 11),Administrator,2024-02-04,True
1510,user_1510,Administrator,Uganda,Kampala,Edge 138.0 (Windows 11),Casual Visitor,2025-04-28,True
1511,user_1511,Visitor,Kenya,Nairobi,Edge 138.0 (Windows 11),Registered User,2025-01-29,True
1512,user_1512,Customer,United Kingdom,London,Firefox 140.0 (Ubuntu),Shopper,2026-05-28,True
1513,user_1513,Customer,Ethiopia,Addis Ababa,Chrome Mobile (Android),Casual Visitor,2025-05-17,True
1514,user_1514,Customer,Tanzania,Dar es Salaam,Chrome 138.0 (Windows 11),Casual Visitor,2023-10-17,True
1515,user_1515,Customer,United Kingdom,London,Firefox 140.0 (Ubuntu),Shopper,2024-10-18,True
1516,user_1516,Visitor,Uganda,Kampala,Edge 138.0 (Windows 11),Registered User,2026-02-16,True
1517,user_1517,Customer,Singapore,Singapore,Safari 18.0 (macOS),Shopper,2024-11-26,True
1518,user_1518,Visitor,Germany,Berlin,Chrome Mobile (Android),Administrator,2025-01-26,True
1519,user_1519,Customer,Kenya,Nairobi,Firefox 140.0 (Ubuntu),Casual Visitor,2024-01-06,False
1520,user_1520,Customer,Kenya,Nairobi,Safari 18.0 (macOS),Shopper,2026-01-12,True
1521,user_1521,Visitor,Singapore,Singapore,Chrome Mobile (Android),Casual Visitor,2025-09-25,True
1522,user_1522,Visitor,Germany,Berlin,Chrome 138.0 (Windows 11),Casual Visitor,2024-06-24,True
1523,user_1523,Visitor,Kenya,Mombasa,Chrome Mobile (Android),Casual Visitor,2024-03-26,True
1524,user_1524,Customer,United States,Dallas,Firefox 140.0 (Ubuntu),Casual Visitor,2026-05-15,True
1525,user_1525,Customer,United States,New York,Edge 138.0 (Windows 11),Administrator,2025-08-17,True
1526,user_1526,API Client,Kenya,Nairobi,Firefox 140.0 (Ubuntu),Shopper,2024-07-12,True
1527,user_1527,Visitor,United Kingdom,London,Chrome Mobile (Android),Casual Visitor,2024-01-14,True
1528,user_1528,API Client,United States,Dallas,Chrome 138.0 (Windows 11),Registered User,2025-01-23,True
1529,user_1529,Visitor,United States,New York,Chrome 138.0 (Windows 11),Shopper,2025-12-10,False
1530,user_1530,Administrator,Ethiopia,Mekelle,Edge 138.0 (Windows 11),Registered User,2025-02-19,True
1531,user_1531,Customer,Singapore,Singapore,Firefox 140.0 (Ubuntu),Casual Visitor,2024-01-24,True
1532,user_1532,Visitor,Germany,Berlin,Safari 18.0 (macOS),Casual Visitor,2024-10-04,True
1533,user_1533,Visitor,Ethiopia,Mekelle,Firefox 140.0 (Ubuntu),Registered User,2026-01-06,True
1534,user_1534,Customer,India,Mumbai,Chrome 138.0 (Windows 11),Casual Visitor,2024-07-15,True
1535,user_1535,Visitor,Germany,Berlin,Chrome 138.0 (Windows 11),Shopper,2025-05-26,True
1536,user_1536,Customer,Germany,Berlin,Firefox 140.0 (Ubuntu),Registered User,2025-12-17,True
1537,user_1537,Visitor,Ethiopia,Mekelle,Chrome 138.0 (Windows 11),Registered User,2026-03-21,True
1538,user_1538,Visitor,Kenya,Nairobi,Chrome 138.0 (Windows 11),Casual Visitor,2026-03-09,True
1539,user_1539,API Client,Kenya,Nairobi,Chrome 138.0 (Windows 11),Shopper,2026-06-12,True
1540,user_1540,Visitor,Ethiopia,Addis Ababa,Chrome Mobile (Android),Registered User,2026-04-23,True
1541,user_1541,Visitor,United States,Dallas,Firefox 140.0 (Ubuntu),Casual Visitor,2025-12-10,True
1542,user_1542,Visitor,Singapore,Singapore,Chrome 138.0 (Windows 11),Casual Visitor,2023-09-08,True
1543,user_1543,Visitor,Singapore,Singapore,Firefox 140.0 (Ubuntu),Casual Visitor,2026-03-02,True
1544,user_1544,Customer,Uganda,Kampala,Firefox 140.0 (Ubuntu),Administrator,2026-05-16,True
1545,user_1545,Visitor,Ethiopia,Mekelle,Chrome 138.0 (Windows 11),Casual Visitor,2024-09-17,False
1546,user_1546,Visitor,United States,Dallas,Edge 138.0 (Windows 11),Casual Visitor,2023-09-12,True
1547,user_1547,Customer,Ethiopia,Addis Ababa,Firefox 140.0 (Ubuntu),Shopper,2024-05-05,True
1548,user_1548,Visitor,Uganda,Kampala,Edge 138.0 (Windows 11),Shopper,2024-09-26,True
1549,user_1549,Administrator,Ethiopia,Mekelle,Edge 138.0 (Windows 11),Administrator,2024-11-20,True
1550,user_1550,Customer,Ethiopia,Addis Ababa,Firefox 140.0 (Ubuntu),Registered User,2025-01-07,True
1551,user_1551,Visitor,Uganda,Kampala,Safari 18.0 (macOS),Registered User,2025-01-25,True
1552,user_1552,Visitor,Germany,Berlin,Edge 138.0 (Windows 11),API Client,2023-08-08,True
1553,user_1553,Visitor,Germany,Berlin,Safari 18.0 (macOS),Shopper,2024-05-06,False
1554,user_1554,Customer,United Kingdom,London,Firefox 140.0 (Ubuntu),Casual Visitor,2024-03-08,True
1555,user_1555,Visitor,Singapore,Singapore,Firefox 140.0 (Ubuntu),Casual Visitor,2025-12-25,True
1556,user_1556,Customer,Germany,Berlin,Firefox 140.0 (Ubuntu),Casual Visitor,2026-05-16,True
1557,user_1557,Customer,Kenya,Mombasa,Firefox 140.0 (Ubuntu),Administrator,2025-04-12,True
1558,user_1558,Customer,United Kingdom,London,Firefox 140.0 (Ubuntu),Casual Visitor,2023-11-15,True
1559,user_1559,Visitor,Singapore,Singapore,Firefox 140.0 (Ubuntu),Casual Visitor,2024-03-06,True
1560,user_1560,Customer,Uganda,Kampala,Safari 18.0 (macOS),Casual Visitor,2026-04-08,True
1561,user_1561,Customer,Ethiopia,Mekelle,Firefox 140.0 (Ubuntu),Casual Visitor,2023-09-15,True
1562,user_1562,Visitor,Ethiopia,Addis Ababa,Chrome Mobile (Android),Registered User,2023-12-19,True
1563,user_1563,Customer,Uganda,Kampala,Chrome Mobile (Android),Shopper,2025-10-31,True
1564,user_1564,Visitor,Germany,Berlin,Chrome 138.0 (Windows 11),Casual Visitor,2024-06-28,True
1565,user_1565,Visitor,Kenya,Nairobi,Chrome 138.0 (Windows 11),Casual Visitor,2025-03-05,True
1566,user_1566,Administrator,India,Mumbai,Chrome Mobile (Android),Casual Visitor,2025-05-12,True
1567,user_1567,API Client,Uganda,Kampala,Chrome Mobile (Android),Casual Visitor,2025-07-03,False
1568,user_1568,Customer,Tanzania,Dar es Salaam,Firefox 140.0 (Ubuntu),Casual Visitor,2025-01-09,True
1569,user_1569,Customer,Singapore,Singapore,Safari 18.0 (macOS),Shopper,2024-03-30,True
1570,user_1570,Visitor,Germany,Berlin,Edge 138.0 (Windows 11),Shopper,2025-02-23,True
1571,user_1571,Visitor,Ethiopia,Addis Ababa,Chrome Mobile (Android),Registered User,2024-11-25,True
1572,user_1572,Visitor,Tanzania,Dar es Salaam,Chrome 138.0 (Windows 11),Casual Visitor,2024-12-14,True
1573,user_1573,Customer,United States,New York,Chrome 138.0 (Windows 11),Casual Visitor,2025-12-27,True
1574,user_1574,Visitor,Kenya,Mombasa,Edge 138.0 (Windows 11),Casual Visitor,2026-02-10,True
1575,user_1575,API Client,United Kingdom,London,Chrome Mobile (Android),Casual Visitor,2023-12-08,True
1576,user_1576,Customer,United Kingdom,London,Chrome 138.0 (Windows 11),Casual Visitor,2023-10-19,True
1577,user_1577,Visitor,Singapore,Singapore,Firefox 140.0 (Ubuntu),Casual Visitor,2024-03-27,True
1578,user_1578,Visitor,India,Mumbai,Firefox 140.0 (Ubuntu),Shopper,2024-03-30,True
1579,user_1579,Customer,Ethiopia,Addis Ababa,Firefox 140.0 (Ubuntu),Registered User,2026-03-15,True
1580,user_1580,Visitor,Singapore,Singapore,Firefox 140.0 (Ubuntu),Casual Visitor,2023-10-15,True
1581,user_1581,Customer,Germany,Berlin,Safari 18.0 (macOS),Casual Visitor,2026-06-10,False
1582,user_1582,Customer,Ethiopia,Addis Ababa,Safari 18.0 (macOS),Casual Visitor,2023-12-03,True
1583,user_1583,Visitor,United States,New York,Safari 18.0 (macOS),Casual Visitor,2024-09-24,True
1584,user_1584,Visitor,Uganda,Kampala,Edge 138.0 (Windows 11),Casual Visitor,2025-06-17,True
1585,user_1585,API Client,India,Mumbai,Edge 138.0 (Windows 11),Registered User,2026-05-23,True
1586,user_1586,API Client,Uganda,Kampala,Safari 18.0 (macOS),Casual Visitor,2025-05-18,True
1587,user_1587,Customer,Germany,Berlin,Firefox 140.0 (Ubuntu),Shopper,2025-08-22,True
1588,user_1588,Visitor,United Kingdom,London,Safari 18.0 (macOS),Shopper,2026-02-27,True
1589,user_1589,Customer,Kenya,Nairobi,Firefox 140.0 (Ubuntu),Shopper,2025-06-15,True
1590,user_1590,Visitor,Uganda,Kampala,Firefox 140.0 (Ubuntu),Shopper,2025-05-03,True
1591,user_1591,Customer,Tanzania,Dar es Salaam,Chrome 138.0 (Windows 11),Casual Visitor,2024-09-26,True
1592,user_1592,Visitor,Singapore,Singapore,Firefox 140.0 (Ubuntu),Registered User,2024-06-28,True
1593,user_1593,Visitor,Germany,Berlin,Edge 138.0 (Windows 11),Casual Visitor,2025-10-02,True
1594,user_1594,Customer,India,Mumbai,Safari 18.0 (macOS),Casual Visitor,2024-01-22,True
1595,user_1595,Administrator,Singapore,Singapore,Firefox 140.0 (Ubuntu),Shopper,2025-01-16,True
1596,user_1596,Visitor,Kenya,Mombasa,Edge 138.0 (Windows 11),Registered User,2025-05-27,False
1597,user_1597,Visitor,Tanzania,Dar es Salaam,Chrome 138.0 (Windows 11),API Client,2024-01-18,True
1598,user_1598,Customer,United States,Dallas,Chrome 138.0 (Windows 11),Casual Visitor,2024-10-12,True
1599,user_1599,Customer,Ethiopia,Mekelle,Safari 18.0 (macOS),Registered User,2026-06-17,True
1600,user_1600,Customer,United States,New York,Chrome 138.0 (Windows 11),Registered User,2026-06-17,True
1601,user_1601,Visitor,United States,New York,Safari 18.0 (macOS),Shopper,2026-02-05,True
1602,user_1602,Visitor,Uganda,Kampala,Chrome Mobile (Android),Casual Visitor,2025-08-23,True
1603,user_1603,Customer,Tanzania,Dar es Salaam,Chrome Mobile (Android),Shopper,2025-10-25,True
1604,user_1604,Visitor,United Kingdom,London,Safari 18.0 (macOS),Administrator,2026-05-31,True
1605,user_1605,Customer,United Kingdom,London,Safari 18.0 (macOS),Casual Visitor,2024-11-20,True
1606,user_1606,Customer,India,Mumbai,Chrome Mobile (Android),Casual Visitor,2023-10-08,True
1607,user_1607,Customer,Tanzania,Dar es Salaam,Firefox 140.0 (Ubuntu),Shopper,2024-07-06,True
1608,user_1608,API Client,Tanzania,Dar es Salaam,Chrome Mobile (Android),API Client,2025-04-04,True
1609,user_1609,Visitor,United Kingdom,London,Edge 138.0 (Windows 11),Shopper,2026-02-15,True
1610,user_1610,Visitor,India,Mumbai,Edge 138.0 (Windows 11),Casual Visitor,2023-10-23,True
1611,user_1611,Visitor,Singapore,Singapore,Firefox 140.0 (Ubuntu),Shopper,2023-08-10,True
1612,user_1612,Visitor,Singapore,Singapore,Safari 18.0 (macOS),Casual Visitor,2024-06-11,True
1613,user_1613,Customer,Germany,Berlin,Chrome 138.0 (Windows 11),API Client,2024-11-09,True
1614,user_1614,Customer,Ethiopia,Addis Ababa,Chrome Mobile (Android),Administrator,2024-06-22,True
1615,user_1615,Customer,Singapore,Singapore,Chrome Mobile (Android),Shopper,2024-02-28,True
1616,user_1616,Visitor,United States,Dallas,Safari 18.0 (macOS),Shopper,2024-08-29,True
1617,user_1617,Visitor,India,Mumbai,Safari 18.0 (macOS),Shopper,2024-10-21,True
1618,user_1618,Administrator,Germany,Berlin,Firefox 140.0 (Ubuntu),Shopper,2024-12-20,True
1619,user_1619,Customer,United States,Dallas,Safari 18.0 (macOS),Shopper,2024-02-01,True
1620,user_1620,Visitor,Germany,Berlin,Firefox 140.0 (Ubuntu),Registered User,2023-08-11,True
1621,user_1621,Visitor,Singapore,Singapore,Chrome Mobile (Android),API Client,2025-09-09,True
1622,user_1622,Customer,Germany,Berlin,Safari 18.0 (macOS),Registered User,2025-05-28,True
1623,user_1623,Administrator,Germany,Berlin,Safari 18.0 (macOS),API Client,2024-04-27,True
1624,user_1624,Visitor,United Kingdom,London,Chrome 138.0 (Windows 11),Registered User,2024-02-15,True
1625,user_1625,Customer,Ethiopia,Mekelle,Edge 138.0 (Windows 11),Registered User,2025-03-11,True
1626,user_1626,Visitor,United Kingdom,London,Chrome 138.0 (Windows 11),Shopper,2025-11-03,True
1627,user_1627,Customer,Uganda,Kampala,Chrome Mobile (Android),Administrator,2024-07-21,True
1628,user_1628,Customer,Germany,Berlin,Firefox 140.0 (Ubuntu),API Client,2025-09-14,True
1629,user_1629,Visitor,United Kingdom,London,Firefox 140.0 (Ubuntu),Casual Visitor,2025-12-13,True
1630,user_1630,Customer,Tanzania,Dar es Salaam,Chrome 138.0 (Windows 11),Casual Visitor,2026-06-01,True
1631,user_1631,Visitor,Kenya,Nairobi,Chrome Mobile (Android),Casual Visitor,2025-01-30,True
1632,user_1632,Visitor,United States,New York,Safari 18.0 (macOS),Registered User,2023-11-18,True
1633,user_1633,Visitor,Tanzania,Dar es Salaam,Chrome 138.0 (Windows 11),Shopper,2025-04-06,True
1634,user_1634,Customer,Ethiopia,Addis Ababa,Safari 18.0 (macOS),Registered User,2023-10-03,True
1635,user_1635,Visitor,India,Mumbai,Chrome 138.0 (Windows 11),Administrator,2025-06-06,True
1636,user_1636,API Client,Kenya,Nairobi,Edge 138.0 (Windows 11),Shopper,2023-08-28,True
1637,user_1637,Visitor,Singapore,Singapore,Edge 138.0 (Windows 11),Administrator,2025-07-13,True
1638,user_1638,Visitor,Kenya,Nairobi,Firefox 140.0 (Ubuntu),Casual Visitor,2023-11-27,True
1639,user_1639,Visitor,Tanzania,Dar es Salaam,Firefox 140.0 (Ubuntu),Casual Visitor,2024-11-27,True
1640,user_1640,Visitor,Uganda,Kampala,Firefox 140.0 (Ubuntu),API Client,2026-01-09,True
1641,user_1641,Visitor,Singapore,Singapore,Safari 18.0 (macOS),Shopper,2025-05-26,True
1642,user_1642,Visitor,Tanzania,Dar es Salaam,Edge 138.0 (Windows 11),API Client,2026-01-05,True
1643,user_1643,Customer,United States,New York,Safari 18.0 (macOS),Shopper,2025-04-18,True
1644,user_1644,Customer,United States,Dallas,Chrome Mobile (Android),Casual Visitor,2026-04-19,True
1645,user_1645,Customer,United Kingdom,London,Chrome 138.0 (Windows 11),Shopper,2025-05-08,True
1646,user_1646,Customer,Singapore,Singapore,Edge 138.0 (Windows 11),Shopper,2024-10-21,True
1647,user_1647,Visitor,Singapore,Singapore,Chrome 138.0 (Windows 11),Casual Visitor,2024-01-24,True
1648,user_1648,Visitor,Uganda,Kampala,Firefox 140.0 (Ubuntu),Shopper,2025-04-19,True
1649,user_1649,Visitor,United Kingdom,London,Chrome 138.0 (Windows 11),Registered User,2023-08-31,True
1650,user_1650,Customer,United Kingdom,London,Safari 18.0 (macOS),Casual Visitor,2024-12-15,True
1651,user_1651,Customer,Tanzania,Dar es Salaam,Chrome Mobile (Android),Administrator,2024-04-21,True
1652,user_1652,Customer,Ethiopia,Mekelle,Safari 18.0 (macOS),Casual Visitor,2026-03-16,True
1653,user_1653,Customer,Tanzania,Dar es Salaam,Safari 18.0 (macOS),Casual Visitor,2025-07-13,True
1654,user_1654,Visitor,Ethiopia,Addis Ababa,Chrome Mobile (Android),Casual Visitor,2025-02-11,True
1655,user_1655,Visitor,Kenya,Mombasa,Chrome Mobile (Android),API Client,2023-12-13,True
1656,user_1656,Customer,United States,New York,Safari 18.0 (macOS),Casual Visitor,2025-06-07,True
1657,user_1657,Visitor,Singapore,Singapore,Chrome 138.0 (Windows 11),Casual Visitor,2024-01-10,True
1658,user_1658,Visitor,Germany,Berlin,Edge 138.0 (Windows 11),Shopper,2024-08-10,True
1659,user_1659,Customer,United Kingdom,London,Safari 18.0 (macOS),Casual Visitor,2025-06-05,False
1660,user_1660,Customer,India,Mumbai,Chrome Mobile (Android),Casual Visitor,2026-01-29,True
1661,user_1661,Visitor,Kenya,Nairobi,Edge 138.0 (Windows 11),Registered User,2025-04-12,True
1662,user_1662,Visitor,Tanzania,Dar es Salaam,Edge 138.0 (Windows 11),Registered User,2025-10-20,True
1663,user_1663,Visitor,Kenya,Nairobi,Chrome 138.0 (Windows 11),Casual Visitor,2023-11-29,True
1664,user_1664,Visitor,Ethiopia,Mekelle,Chrome Mobile (Android),Registered User,2025-04-04,True
1665,user_1665,Customer,Uganda,Kampala,Chrome 138.0 (Windows 11),Casual Visitor,2024-11-22,True
1666,user_1666,Customer,Germany,Berlin,Chrome Mobile (Android),Shopper,2025-01-07,True
1667,user_1667,Visitor,India,Mumbai,Safari 18.0 (macOS),Casual Visitor,2024-07-08,True
1668,user_1668,Visitor,United States,New York,Firefox 140.0 (Ubuntu),Shopper,2024-12-28,True
1669,user_1669,Visitor,Tanzania,Dar es Salaam,Safari 18.0 (macOS),Casual Visitor,2024-04-16,True
1670,user_1670,Customer,Tanzania,Dar es Salaam,Firefox 140.0 (Ubuntu),Shopper,2023-11-25,True
1671,user_1671,Customer,Singapore,Singapore,Edge 138.0 (Windows 11),Registered User,2025-09-30,True
1672,user_1672,Administrator,Singapore,Singapore,Firefox 140.0 (Ubuntu),Administrator,2026-04-08,True
1673,user_1673,Customer,India,Mumbai,Firefox 140.0 (Ubuntu),Casual Visitor,2024-01-23,True
1674,user_1674,Visitor,United States,New York,Chrome 138.0 (Windows 11),Registered User,2025-10-31,True
1675,user_1675,Visitor,India,Mumbai,Safari 18.0 (macOS),Shopper,2025-09-29,True
1676,user_1676,Administrator,United States,New York,Chrome 138.0 (Windows 11),Casual Visitor,2024-05-26,True
1677,user_1677,Visitor,Germany,Berlin,Chrome 138.0 (Windows 11),Shopper,2025-01-22,True
1678,user_1678,Customer,Kenya,Mombasa,Safari 18.0 (macOS),Casual Visitor,2025-01-25,True
1679,user_1679,Visitor,Uganda,Kampala,Safari 18.0 (macOS),Shopper,2026-04-27,True
1680,user_1680,API Client,Kenya,Nairobi,Firefox 140.0 (Ubuntu),Casual Visitor,2024-03-15,True
1681,user_1681,Visitor,United States,New York,Chrome 138.0 (Windows 11),Casual Visitor,2024-07-31,True
1682,user_1682,Visitor,Germany,Berlin,Firefox 140.0 (Ubuntu),Registered User,2024-01-05,True
1683,user_1683,Visitor,United States,Dallas,Firefox 140.0 (Ubuntu),Casual Visitor,2024-03-13,True
1684,user_1684,Visitor,United States,New York,Chrome Mobile (Android),Administrator,2024-08-30,True
1685,user_1685,Visitor,United States,New York,Chrome 138.0 (Windows 11),Casual Visitor,2024-05-31,True
1686,user_1686,API Client,India,Mumbai,Safari 18.0 (macOS),Shopper,2024-04-24,True
1687,user_1687,Visitor,United States,New York,Chrome 138.0 (Windows 11),Shopper,2026-02-19,False
1688,user_1688,Customer,Kenya,Mombasa,Safari 18.0 (macOS),Casual Visitor,2024-03-23,True
1689,user_1689,Visitor,United States,New York,Firefox 140.0 (Ubuntu),Registered User,2026-05-13,True
1690,user_1690,Customer,Ethiopia,Mekelle,Edge 138.0 (Windows 11),Shopper,2023-11-24,True
1691,user_1691,Customer,Singapore,Singapore,Edge 138.0 (Windows 11),Casual Visitor,2024-04-30,True
1692,user_1692,Customer,United Kingdom,London,Chrome Mobile (Android),Registered User,2026-03-31,True
1693,user_1693,Visitor,India,Mumbai,Chrome Mobile (Android),Registered User,2025-09-04,True
1694,user_1694,Customer,Germany,Berlin,Firefox 140.0 (Ubuntu),Casual Visitor,2025-07-19,True
1695,user_1695,Visitor,Germany,Berlin,Chrome 138.0 (Windows 11),Casual Visitor,2025-12-21,False
1696,user_1696,Customer,Ethiopia,Mekelle,Chrome Mobile (Android),Registered User,2026-01-15,True
1697,user_1697,Visitor,Singapore,Singapore,Edge 138.0 (Windows 11),Registered User,2025-06-26,True
1698,user_1698,Visitor,Germany,Berlin,Chrome 138.0 (Windows 11),Shopper,2026-06-22,True
1699,user_1699,Customer,Ethiopia,Mekelle,Chrome Mobile (Android),API Client,2025-12-22,True
1700,user_1700,API Client,United States,New York,Safari 18.0 (macOS),Administrator,2026-04-23,True
1701,user_1701,Customer,Uganda,Kampala,Firefox 140.0 (Ubuntu),Casual Visitor,2026-04-11,True
1702,user_1702,Visitor,United States,New York,Firefox 140.0 (Ubuntu),Casual Visitor,2026-03-26,True
1703,user_1703,Visitor,Kenya,Mombasa,Safari 18.0 (macOS),Casual Visitor,2024-12-13,True
1704,user_1704,Visitor,Kenya,Mombasa,Edge 138.0 (Windows 11),Registered User,2026-03-30,True
1705,user_1705,API Client,Singapore,Singapore,Edge 138.0 (Windows 11),Casual Visitor,2024-12-02,True
1706,user_1706,Visitor,Germany,Berlin,Chrome 138.0 (Windows 11),Shopper,2024-03-20,True
1707,user_1707,Visitor,Germany,Berlin,Chrome 138.0 (Windows 11),Registered User,2025-06-12,True
1708,user_1708,Customer,United States,New York,Edge 138.0 (Windows 11),Registered User,2023-11-13,True
1709,user_1709,Visitor,Tanzania,Dar es Salaam,Chrome Mobile (Android),Casual Visitor,2025-07-27,True
1710,user_1710,Visitor,United States,Dallas,Safari 18.0 (macOS),Registered User,2025-06-15,True
1711,user_1711,Visitor,Ethiopia,Addis Ababa,Edge 138.0 (Windows 11),Shopper,2026-04-05,True
1712,user_1712,Visitor,United Kingdom,London,Safari 18.0 (macOS),Shopper,2024-11-11,True
1713,user_1713,API Client,Kenya,Nairobi,Safari 18.0 (macOS),Casual Visitor,2024-09-28,True
1714,user_1714,Customer,United States,New York,Edge 138.0 (Windows 11),Casual Visitor,2026-02-02,True
1715,user_1715,Customer,United States,New York,Safari 18.0 (macOS),Casual Visitor,2023-10-25,True
1716,user_1716,Customer,India,Mumbai,Chrome 138.0 (Windows 11),Casual Visitor,2025-01-26,True
1717,user_1717,Customer,Ethiopia,Mekelle,Edge 138.0 (Windows 11),Shopper,2025-09-25,True
1718,user_1718,Customer,Kenya,Nairobi,Chrome Mobile (Android),Registered User,2023-11-22,True
1719,user_1719,Customer,Tanzania,Dar es Salaam,Safari 18.0 (macOS),Casual Visitor,2024-11-23,True
1720,user_1720,Customer,Uganda,Kampala,Chrome 138.0 (Windows 11),Registered User,2025-07-16,True
1721,user_1721,Visitor,Tanzania,Dar es Salaam,Firefox 140.0 (Ubuntu),Shopper,2025-07-01,True
1722,user_1722,Visitor,Ethiopia,Addis Ababa,Safari 18.0 (macOS),Casual Visitor,2023-09-26,True
1723,user_1723,Administrator,Germany,Berlin,Edge 138.0 (Windows 11),Shopper,2023-10-26,False
1724,user_1724,Customer,Tanzania,Dar es Salaam,Safari 18.0 (macOS),Registered User,2025-02-21,True
1725,user_1725,Customer,Germany,Berlin,Firefox 140.0 (Ubuntu),Casual Visitor,2024-10-17,True
1726,user_1726,Visitor,Tanzania,Dar es Salaam,Chrome Mobile (Android),Casual Visitor,2023-11-26,True
1727,user_1727,API Client,United States,New York,Safari 18.0 (macOS),Casual Visitor,2026-04-26,True
1728,user_1728,Visitor,Germany,Berlin,Safari 18.0 (macOS),Casual Visitor,2023-12-17,True
1729,user_1729,Visitor,Ethiopia,Mekelle,Edge 138.0 (Windows 11),Casual Visitor,2026-03-11,True
1730,user_1730,Administrator,India,Mumbai,Edge 138.0 (Windows 11),API Client,2026-02-06,True
1731,user_1731,Visitor,India,Mumbai,Firefox 140.0 (Ubuntu),Casual Visitor,2025-09-24,True
1732,user_1732,Visitor,Singapore,Singapore,Chrome Mobile (Android),Casual Visitor,2025-03-18,True
1733,user_1733,Customer,Uganda,Kampala,Chrome Mobile (Android),Casual Visitor,2025-07-17,True
1734,user_1734,Customer,Uganda,Kampala,Edge 138.0 (Windows 11),Administrator,2026-01-16,True
1735,user_1735,API Client,India,Mumbai,Chrome Mobile (Android),Shopper,2025-12-07,True
1736,user_1736,Visitor,Singapore,Singapore,Edge 138.0 (Windows 11),Shopper,2023-10-01,True
1737,user_1737,Visitor,Germany,Berlin,Firefox 140.0 (Ubuntu),Casual Visitor,2025-06-27,True
1738,user_1738,Visitor,India,Mumbai,Firefox 140.0 (Ubuntu),API Client,2026-01-03,True
1739,user_1739,Customer,Tanzania,Dar es Salaam,Firefox 140.0 (Ubuntu),Registered User,2026-05-07,True
1740,user_1740,Visitor,Germany,Berlin,Edge 138.0 (Windows 11),Casual Visitor,2024-05-17,True
1741,user_1741,Customer,Ethiopia,Mekelle,Chrome Mobile (Android),Shopper,2024-12-10,True
1742,user_1742,Visitor,Uganda,Kampala,Safari 18.0 (macOS),Casual Visitor,2026-02-23,False
1743,user_1743,Visitor,Singapore,Singapore,Safari 18.0 (macOS),Shopper,2025-08-06,True
1744,user_1744,Visitor,Tanzania,Dar es Salaam,Chrome Mobile (Android),Registered User,2025-09-15,True
1745,user_1745,Visitor,Kenya,Nairobi,Firefox 140.0 (Ubuntu),Registered User,2024-03-20,True
1746,user_1746,Visitor,Germany,Berlin,Chrome Mobile (Android),Shopper,2023-11-03,True
1747,user_1747,Visitor,India,Mumbai,Chrome Mobile (Android),Registered User,2025-06-28,True
1748,user_1748,Customer,India,Mumbai,Chrome 138.0 (Windows 11),Shopper,2024-01-06,True
1749,user_1749,Visitor,Singapore,Singapore,Safari 18.0 (macOS),Casual Visitor,2025-01-13,True
1750,user_1750,Visitor,United Kingdom,London,Edge 138.0 (Windows 11),Administrator,2023-12-08,True
1751,user_1751,Customer,United Kingdom,London,Firefox 140.0 (Ubuntu),API Client,2025-09-20,True
1752,user_1752,Visitor,Tanzania,Dar es Salaam,Chrome 138.0 (Windows 11),Shopper,2026-04-28,True
1753,user_1753,Customer,India,Mumbai,Chrome 138.0 (Windows 11),Casual Visitor,2024-04-23,True
1754,user_1754,Visitor,United Kingdom,London,Chrome Mobile (Android),Registered User,2023-09-28,True
1755,user_1755,Visitor,Kenya,Nairobi,Chrome Mobile (Android),Administrator,2024-08-17,True
1756,user_1756,API Client,Kenya,Mombasa,Safari 18.0 (macOS),Shopper,2025-06-09,True
1757,user_1757,Administrator,Ethiopia,Mekelle,Edge 138.0 (Windows 11),Registered User,2025-06-11,True
1758,user_1758,Customer,India,Mumbai,Safari 18.0 (macOS),Shopper,2025-10-21,True
1759,user_1759,Administrator,Tanzania,Dar es Salaam,Chrome 138.0 (Windows 11),Registered User,2025-10-19,True
1760,user_1760,Customer,Singapore,Singapore,Chrome 138.0 (Windows 11),Shopper,2026-03-03,True
1761,user_1761,Visitor,Germany,Berlin,Safari 18.0 (macOS),Shopper,2024-04-01,True
1762,user_1762,Visitor,Ethiopia,Mekelle,Edge 138.0 (Windows 11),Shopper,2025-02-14,True
1763,user_1763,Customer,Tanzania,Dar es Salaam,Firefox 140.0 (Ubuntu),Shopper,2025-02-28,True
1764,user_1764,API Client,Singapore,Singapore,Chrome 138.0 (Windows 11),Registered User,2024-10-11,True
1765,user_1765,Visitor,Kenya,Nairobi,Safari 18.0 (macOS),Casual Visitor,2025-03-22,True
1766,user_1766,API Client,United Kingdom,London,Firefox 140.0 (Ubuntu),Shopper,2025-04-25,True
1767,user_1767,Visitor,Ethiopia,Addis Ababa,Chrome Mobile (Android),Casual Visitor,2025-01-05,True
1768,user_1768,Visitor,United Kingdom,London,Edge 138.0 (Windows 11),Administrator,2026-06-18,True
1769,user_1769,Visitor,United States,New York,Edge 138.0 (Windows 11),Casual Visitor,2026-02-12,True
1770,user_1770,Visitor,Ethiopia,Addis Ababa,Safari 18.0 (macOS),Registered User,2023-10-19,True
1771,user_1771,Visitor,United States,New York,Firefox 140.0 (Ubuntu),Registered User,2026-04-05,True
1772,user_1772,Visitor,United States,New York,Firefox 140.0 (Ubuntu),Casual Visitor,2026-04-30,True
1773,user_1773,API Client,India,Mumbai,Chrome 138.0 (Windows 11),Shopper,2024-12-30,True
1774,user_1774,Visitor,United States,Dallas,Chrome 138.0 (Windows 11),Casual Visitor,2023-11-09,True
1775,user_1775,Visitor,Germany,Berlin,Safari 18.0 (macOS),Casual Visitor,2024-12-23,True
1776,user_1776,Visitor,Tanzania,Dar es Salaam,Safari 18.0 (macOS),Shopper,2023-12-23,True
1777,user_1777,Administrator,Kenya,Mombasa,Chrome Mobile (Android),Registered User,2025-12-12,True
1778,user_1778,Customer,United States,New York,Edge 138.0 (Windows 11),Registered User,2026-06-17,True
1779,user_1779,Customer,Germany,Berlin,Chrome Mobile (Android),Casual Visitor,2025-03-21,True
1780,user_1780,Visitor,United States,Dallas,Chrome Mobile (Android),Registered User,2024-10-13,True
1781,user_1781,Customer,Germany,Berlin,Firefox 140.0 (Ubuntu),Casual Visitor,2024-08-24,True
1782,user_1782,API Client,United States,New York,Chrome Mobile (Android),Casual Visitor,2026-05-14,True
1783,user_1783,Visitor,Kenya,Mombasa,Edge 138.0 (Windows 11),Registered User,2026-02-20,True
1784,user_1784,Visitor,Kenya,Nairobi,Edge 138.0 (Windows 11),Registered User,2024-03-19,True
1785,user_1785,Visitor,India,Mumbai,Chrome 138.0 (Windows 11),Shopper,2024-12-28,False
1786,user_1786,Visitor,India,Mumbai,Chrome Mobile (Android),Administrator,2023-12-03,True
1787,user_1787,API Client,Singapore,Singapore,Safari 18.0 (macOS),Casual Visitor,2026-01-20,True
1788,user_1788,Customer,United States,Dallas,Firefox 140.0 (Ubuntu),Casual Visitor,2026-05-25,True
1789,user_1789,Visitor,Kenya,Nairobi,Chrome 138.0 (Windows 11),Casual Visitor,2024-03-05,True
1790,user_1790,Visitor,India,Mumbai,Firefox 140.0 (Ubuntu),Casual Visitor,2025-01-23,True
1791,user_1791,Visitor,United States,Dallas,Edge 138.0 (Windows 11),Shopper,2024-11-22,True
1792,user_1792,Visitor,Tanzania,Dar es Salaam,Chrome Mobile (Android),Shopper,2026-05-14,True
1793,user_1793,Visitor,Tanzania,Dar es Salaam,Edge 138.0 (Windows 11),Registered User,2026-05-23,True
1794,user_1794,Customer,Ethiopia,Mekelle,Firefox 140.0 (Ubuntu),Casual Visitor,2025-03-29,True
1795,user_1795,API Client,United Kingdom,London,Edge 138.0 (Windows 11),Shopper,2024-02-15,False
1796,user_1796,Visitor,Kenya,Nairobi,Edge 138.0 (Windows 11),Administrator,2026-02-08,True
1797,user_1797,Customer,Kenya,Nairobi,Edge 138.0 (Windows 11),Shopper,2023-12-08,True
1798,user_1798,Administrator,Singapore,Singapore,Safari 18.0 (macOS),Registered User,2024-11-21,True
1799,user_1799,Customer,Uganda,Kampala,Chrome 138.0 (Windows 11),API Client,2025-12-14,False
1800,user_1800,Visitor,Tanzania,Dar es Salaam,Chrome 138.0 (Windows 11),Registered User,2025-03-06,True
1801,user_1801,Customer,Kenya,Mombasa,Chrome Mobile (Android),Shopper,2026-04-24,True
1802,user_1802,Visitor,United States,New York,Edge 138.0 (Windows 11),Casual Visitor,2024-12-21,True
1803,user_1803,Visitor,Ethiopia,Addis Ababa,Safari 18.0 (macOS),Casual Visitor,2024-02-13,True
1804,user_1804,Administrator,Singapore,Singapore,Safari 18.0 (macOS),Shopper,2026-06-04,True
1805,user_1805,Customer,Germany,Berlin,Firefox 140.0 (Ubuntu),Administrator,2026-06-28,True
1806,user_1806,Customer,Germany,Berlin,Edge 138.0 (Windows 11),Casual Visitor,2025-10-24,True
1807,user_1807,Visitor,Germany,Berlin,Firefox 140.0 (Ubuntu),Shopper,2023-12-22,True
1808,user_1808,Customer,Tanzania,Dar es Salaam,Chrome 138.0 (Windows 11),Casual Visitor,2026-04-28,True
1809,user_1809,Customer,Singapore,Singapore,Firefox 140.0 (Ubuntu),Registered User,2026-06-05,True
1810,user_1810,API Client,Kenya,Nairobi,Firefox 140.0 (Ubuntu),Shopper,2025-05-17,True
1811,user_1811,Visitor,Germany,Berlin,Safari 18.0 (macOS),Shopper,2025-09-26,True
1812,user_1812,Visitor,United States,New York,Edge 138.0 (Windows 11),Shopper,2025-02-11,True
1813,user_1813,Customer,Kenya,Nairobi,Edge 138.0 (Windows 11),Administrator,2023-08-27,True
1814,user_1814,Visitor,India,Mumbai,Safari 18.0 (macOS),Registered User,2025-02-12,True
1815,user_1815,Visitor,Singapore,Singapore,Chrome 138.0 (Windows 11),Shopper,2024-11-20,True
1816,user_1816,Visitor,India,Mumbai,Firefox 140.0 (Ubuntu),Shopper,2024-05-05,True
1817,user_1817,Visitor,Ethiopia,Addis Ababa,Edge 138.0 (Windows 11),Casual Visitor,2024-06-26,True
1818,user_1818,Visitor,Singapore,Singapore,Safari 18.0 (macOS),Casual Visitor,2025-01-10,True
1819,user_1819,Customer,Uganda,Kampala,Firefox 140.0 (Ubuntu),Shopper,2025-08-23,True
1820,user_1820,Visitor,United Kingdom,London,Firefox 140.0 (Ubuntu),Casual Visitor,2024-05-23,True
1821,user_1821,Customer,India,Mumbai,Edge 138.0 (Windows 11),Administrator,2024-07-15,True
1822,user_1822,Customer,Ethiopia,Addis Ababa,Firefox 140.0 (Ubuntu),Casual Visitor,2024-02-28,True
1823,user_1823,Visitor,Singapore,Singapore,Chrome 138.0 (Windows 11),API Client,2024-03-26,True
1824,user_1824,Visitor,Tanzania,Dar es Salaam,Chrome 138.0 (Windows 11),Casual Visitor,2023-11-26,True
1825,user_1825,Visitor,Germany,Berlin,Safari 18.0 (macOS),Casual Visitor,2024-10-31,True
1826,user_1826,Customer,Ethiopia,Mekelle,Safari 18.0 (macOS),Casual Visitor,2024-01-03,True
1827,user_1827,API Client,United States,New York,Chrome 138.0 (Windows 11),Registered User,2025-09-25,True
1828,user_1828,Visitor,Ethiopia,Mekelle,Edge 138.0 (Windows 11),Casual Visitor,2025-11-14,True
1829,user_1829,Customer,Singapore,Singapore,Edge 138.0 (Windows 11),Registered User,2025-10-24,True
1830,user_1830,Visitor,Ethiopia,Mekelle,Chrome Mobile (Android),Shopper,2023-09-26,True
1831,user_1831,Visitor,Kenya,Nairobi,Chrome Mobile (Android),Casual Visitor,2026-05-23,True
1832,user_1832,Visitor,Tanzania,Dar es Salaam,Safari 18.0 (macOS),Registered User,2025-01-03,True
1833,user_1833,Visitor,United States,New York,Chrome 138.0 (Windows 11),API Client,2026-03-16,True
1834,user_1834,Visitor,Tanzania,Dar es Salaam,Safari 18.0 (macOS),Shopper,2024-02-18,True
1835,user_1835,Visitor,Uganda,Kampala,Edge 138.0 (Windows 11),Shopper,2026-02-11,True
1836,user_1836,Visitor,Tanzania,Dar es Salaam,Firefox 140.0 (Ubuntu),Registered User,2025-03-06,True
1837,user_1837,Visitor,United States,Dallas,Safari 18.0 (macOS),Shopper,2024-03-25,True
1838,user_1838,Visitor,United States,New York,Edge 138.0 (Windows 11),Shopper,2024-04-07,True
1839,user_1839,Visitor,Tanzania,Dar es Salaam,Safari 18.0 (macOS),API Client,2024-05-05,True
1840,user_1840,Customer,United Kingdom,London,Safari 18.0 (macOS),Registered User,2026-03-26,True
1841,user_1841,Visitor,Germany,Berlin,Edge 138.0 (Windows 11),Shopper,2024-04-12,True
1842,user_1842,Customer,Germany,Berlin,Edge 138.0 (Windows 11),Casual Visitor,2025-06-08,True
1843,user_1843,Visitor,Germany,Berlin,Edge 138.0 (Windows 11),Administrator,2023-10-05,True
1844,user_1844,Customer,Tanzania,Dar es Salaam,Chrome 138.0 (Windows 11),Casual Visitor,2025-04-28,True
1845,user_1845,Customer,Uganda,Kampala,Chrome 138.0 (Windows 11),Administrator,2025-02-14,True
1846,user_1846,Customer,United Kingdom,London,Chrome 138.0 (Windows 11),API Client,2026-06-14,True
1847,user_1847,Customer,Germany,Berlin,Edge 138.0 (Windows 11),Administrator,2024-08-01,True
1848,user_1848,Customer,Singapore,Singapore,Chrome Mobile (Android),Casual Visitor,2025-06-19,True
1849,user_1849,Customer,Uganda,Kampala,Firefox 140.0 (Ubuntu),Casual Visitor,2026-03-04,True
1850,user_1850,Visitor,United Kingdom,London,Chrome Mobile (Android),Registered User,2024-10-14,True
1851,user_1851,Customer,Kenya,Nairobi,Chrome Mobile (Android),Casual Visitor,2025-06-26,True
1852,user_1852,Visitor,India,Mumbai,Edge 138.0 (Windows 11),Casual Visitor,2024-07-27,True
1853,user_1853,Visitor,Tanzania,Dar es Salaam,Chrome 138.0 (Windows 11),Registered User,2025-11-05,True
1854,user_1854,Customer,Germany,Berlin,Edge 138.0 (Windows 11),Registered User,2024-08-04,True
1855,user_1855,Visitor,Singapore,Singapore,Chrome Mobile (Android),Shopper,2024-11-21,True
1856,user_1856,Customer,Germany,Berlin,Edge 138.0 (Windows 11),Registered User,2025-07-27,True
1857,user_1857,Visitor,Kenya,Mombasa,Firefox 140.0 (Ubuntu),Casual Visitor,2024-05-26,False
1858,user_1858,Visitor,India,Mumbai,Chrome 138.0 (Windows 11),Casual Visitor,2025-02-20,True
1859,user_1859,Visitor,United States,Dallas,Chrome Mobile (Android),Shopper,2026-06-17,True
1860,user_1860,API Client,India,Mumbai,Chrome Mobile (Android),Registered User,2026-01-01,True
1861,user_1861,Customer,Kenya,Mombasa,Safari 18.0 (macOS),Casual Visitor,2025-06-13,True
1862,user_1862,Visitor,United States,Dallas,Chrome 138.0 (Windows 11),Casual Visitor,2025-07-16,True
1863,user_1863,Visitor,India,Mumbai,Safari 18.0 (macOS),Shopper,2024-10-09,True
1864,user_1864,Customer,Tanzania,Dar es Salaam,Edge 138.0 (Windows 11),Shopper,2025-03-14,True
1865,user_1865,Visitor,Uganda,Kampala,Chrome Mobile (Android),Shopper,2025-09-18,True
1866,user_1866,Customer,United States,New York,Safari 18.0 (macOS),Shopper,2025-10-26,True
1867,user_1867,Visitor,Tanzania,Dar es Salaam,Safari 18.0 (macOS),Shopper,2025-05-10,True
1868,user_1868,Visitor,Ethiopia,Addis Ababa,Chrome 138.0 (Windows 11),Casual Visitor,2024-04-06,True
1869,user_1869,Visitor,Uganda,Kampala,Safari 18.0 (macOS),Registered User,2024-06-04,True
1870,user_1870,Visitor,Germany,Berlin,Chrome Mobile (Android),Shopper,2026-02-23,True
1871,user_1871,Visitor,Singapore,Singapore,Edge 138.0 (Windows 11),Casual Visitor,2024-02-29,False
1872,user_1872,Customer,United States,Dallas,Edge 138.0 (Windows 11),Shopper,2024-08-21,True
1873,user_1873,Customer,United States,New York,Edge 138.0 (Windows 11),Shopper,2023-10-19,True
1874,user_1874,Administrator,India,Mumbai,Firefox 140.0 (Ubuntu),Casual Visitor,2026-04-21,True
1875,user_1875,Visitor,India,Mumbai,Firefox 140.0 (Ubuntu),Casual Visitor,2025-08-14,True
1876,user_1876,Customer,Kenya,Mombasa,Firefox 140.0 (Ubuntu),Shopper,2025-02-25,True
1877,user_1877,Visitor,United Kingdom,London,Safari 18.0 (macOS),Shopper,2025-12-07,True
1878,user_1878,Visitor,Singapore,Singapore,Chrome 138.0 (Windows 11),Administrator,2024-01-05,True
1879,user_1879,Visitor,Germany,Berlin,Safari 18.0 (macOS),Administrator,2025-10-08,True
1880,user_1880,Customer,Tanzania,Dar es Salaam,Chrome 138.0 (Windows 11),Registered User,2024-02-08,True
1881,user_1881,Visitor,United States,New York,Chrome Mobile (Android),Shopper,2024-10-14,True
1882,user_1882,API Client,United Kingdom,London,Chrome Mobile (Android),Shopper,2023-12-07,True
1883,user_1883,Customer,Uganda,Kampala,Firefox 140.0 (Ubuntu),Casual Visitor,2024-04-04,True
1884,user_1884,Visitor,Uganda,Kampala,Chrome 138.0 (Windows 11),Casual Visitor,2024-09-25,True
1885,user_1885,Visitor,Kenya,Nairobi,Safari 18.0 (macOS),Shopper,2025-06-26,True
1886,user_1886,Visitor,United States,New York,Safari 18.0 (macOS),Casual Visitor,2025-10-04,True
1887,user_1887,Visitor,India,Mumbai,Chrome Mobile (Android),Casual Visitor,2024-03-14,True
1888,user_1888,Administrator,Tanzania,Dar es Salaam,Edge 138.0 (Windows 11),Registered User,2025-06-08,True
1889,user_1889,Visitor,Singapore,Singapore,Edge 138.0 (Windows 11),Shopper,2023-12-19,True
1890,user_1890,Visitor,Germany,Berlin,Edge 138.0 (Windows 11),Registered User,2024-07-08,True
1891,user_1891,Visitor,United Kingdom,London,Chrome Mobile (Android),Registered User,2025-06-29,True
1892,user_1892,Visitor,Tanzania,Dar es Salaam,Chrome 138.0 (Windows 11),Casual Visitor,2025-01-23,True
1893,user_1893,Customer,Tanzania,Dar es Salaam,Edge 138.0 (Windows 11),Casual Visitor,2023-09-09,True
1894,user_1894,Customer,United States,New York,Chrome 138.0 (Windows 11),Shopper,2025-05-04,True
1895,user_1895,API Client,Germany,Berlin,Edge 138.0 (Windows 11),Casual Visitor,2023-10-20,True
1896,user_1896,API Client,Kenya,Mombasa,Safari 18.0 (macOS),Shopper,2025-04-05,True
1897,user_1897,Visitor,Singapore,Singapore,Chrome 138.0 (Windows 11),Shopper,2025-09-16,True
1898,user_1898,Visitor,Uganda,Kampala,Chrome 138.0 (Windows 11),Casual Visitor,2025-03-01,True
1899,user_1899,Visitor,Kenya,Mombasa,Chrome Mobile (Android),Casual Visitor,2024-07-30,True
1900,user_1900,Customer,Kenya,Mombasa,Edge 138.0 (Windows 11),Registered User,2025-03-20,True
1901,user_1901,Administrator,United Kingdom,London,Safari 18.0 (macOS),Shopper,2023-12-03,True
1902,user_1902,Visitor,Kenya,Nairobi,Chrome Mobile (Android),Casual Visitor,2025-03-03,True
1903,user_1903,Visitor,Uganda,Kampala,Chrome Mobile (Android),Casual Visitor,2024-07-12,True
1904,user_1904,Visitor,Uganda,Kampala,Chrome Mobile (Android),Casual Visitor,2023-09-11,True
1905,user_1905,Visitor,Ethiopia,Mekelle,Chrome 138.0 (Windows 11),Casual Visitor,2024-12-06,True
1906,user_1906,Customer,United Kingdom,London,Chrome 138.0 (Windows 11),Casual Visitor,2023-12-30,True
1907,user_1907,Visitor,Ethiopia,Addis Ababa,Firefox 140.0 (Ubuntu),Registered User,2026-05-04,True
1908,user_1908,Visitor,United States,New York,Edge 138.0 (Windows 11),Casual Visitor,2024-12-31,True
1909,user_1909,Visitor,United Kingdom,London,Firefox 140.0 (Ubuntu),Casual Visitor,2024-03-12,True
1910,user_1910,Customer,United States,Dallas,Edge 138.0 (Windows 11),Casual Visitor,2024-02-28,True
1911,user_1911,Customer,United Kingdom,London,Chrome Mobile (Android),Shopper,2023-09-27,True
1912,user_1912,Administrator,Uganda,Kampala,Chrome Mobile (Android),Casual Visitor,2024-10-17,True
1913,user_1913,Visitor,Tanzania,Dar es Salaam,Edge 138.0 (Windows 11),Casual Visitor,2025-08-01,True
1914,user_1914,Visitor,Singapore,Singapore,Firefox 140.0 (Ubuntu),Casual Visitor,2024-03-01,True
1915,user_1915,Visitor,Kenya,Nairobi,Firefox 140.0 (Ubuntu),Shopper,2025-07-27,True
1916,user_1916,Customer,United Kingdom,London,Chrome Mobile (Android),Administrator,2025-06-25,True
1917,user_1917,Customer,Ethiopia,Mekelle,Chrome 138.0 (Windows 11),Casual Visitor,2026-03-11,True
1918,user_1918,Visitor,United Kingdom,London,Edge 138.0 (Windows 11),Casual Visitor,2023-08-07,True
1919,user_1919,Visitor,Uganda,Kampala,Chrome Mobile (Android),Shopper,2023-11-30,True
1920,user_1920,Visitor,Germany,Berlin,Firefox 140.0 (Ubuntu),Casual Visitor,2023-08-28,True
1921,user_1921,Customer,United Kingdom,London,Edge 138.0 (Windows 11),Casual Visitor,2024-08-30,True
1922,user_1922,Visitor,Tanzania,Dar es Salaam,Edge 138.0 (Windows 11),API Client,2024-06-29,True
1923,user_1923,Visitor,Kenya,Nairobi,Edge 138.0 (Windows 11),Registered User,2024-03-18,False
1924,user_1924,API Client,Singapore,Singapore,Chrome Mobile (Android),Registered User,2025-11-28,True
1925,user_1925,API Client,United Kingdom,London,Edge 138.0 (Windows 11),Registered User,2026-03-01,True
1926,user_1926,Visitor,United Kingdom,London,Safari 18.0 (macOS),Casual Visitor,2025-10-26,True
1927,user_1927,Visitor,Uganda,Kampala,Firefox 140.0 (Ubuntu),Casual Visitor,2025-05-17,True
1928,user_1928,Visitor,Ethiopia,Addis Ababa,Chrome Mobile (Android),Registered User,2024-01-18,True
1929,user_1929,Visitor,India,Mumbai,Safari 18.0 (macOS),Shopper,2024-10-19,True
1930,user_1930,Customer,Tanzania,Dar es Salaam,Safari 18.0 (macOS),Registered User,2024-08-02,True
1931,user_1931,Visitor,Ethiopia,Mekelle,Firefox 140.0 (Ubuntu),Casual Visitor,2024-11-08,True
1932,user_1932,Customer,United States,Dallas,Chrome Mobile (Android),Casual Visitor,2024-02-04,True
1933,user_1933,Customer,Kenya,Nairobi,Firefox 140.0 (Ubuntu),Registered User,2023-10-12,True
1934,user_1934,Customer,United Kingdom,London,Safari 18.0 (macOS),Administrator,2024-08-03,True
1935,user_1935,Visitor,Uganda,Kampala,Firefox 140.0 (Ubuntu),Casual Visitor,2025-05-12,True
1936,user_1936,Visitor,Germany,Berlin,Edge 138.0 (Windows 11),Casual Visitor,2026-04-17,True
1937,user_1937,Visitor,India,Mumbai,Safari 18.0 (macOS),Casual Visitor,2026-03-23,True
1938,user_1938,Visitor,Singapore,Singapore,Chrome 138.0 (Windows 11),Casual Visitor,2025-07-09,True
1939,user_1939,Visitor,Germany,Berlin,Firefox 140.0 (Ubuntu),Shopper,2023-11-04,True
1940,user_1940,Visitor,India,Mumbai,Safari 18.0 (macOS),Shopper,2024-01-18,True
1941,user_1941,Customer,Germany,Berlin,Chrome 138.0 (Windows 11),Shopper,2025-09-13,True
1942,user_1942,Customer,India,Mumbai,Edge 138.0 (Windows 11),Registered User,2026-02-11,False
1943,user_1943,API Client,Ethiopia,Addis Ababa,Chrome Mobile (Android),Registered User,2025-11-08,True
1944,user_1944,Visitor,Ethiopia,Addis Ababa,Chrome Mobile (Android),Casual Visitor,2023-08-24,True
1945,user_1945,Visitor,India,Mumbai,Edge 138.0 (Windows 11),Casual Visitor,2026-04-06,True
1946,user_1946,Visitor,India,Mumbai,Chrome Mobile (Android),Shopper,2025-10-07,True
1947,user_1947,Customer,United Kingdom,London,Chrome 138.0 (Windows 11),Shopper,2026-01-08,True
1948,user_1948,Visitor,United Kingdom,London,Edge 138.0 (Windows 11),Casual Visitor,2024-08-08,True
1949,user_1949,Customer,Ethiopia,Mekelle,Chrome Mobile (Android),Registered User,2024-03-09,True
1950,user_1950,Visitor,Ethiopia,Addis Ababa,Firefox 140.0 (Ubuntu),Shopper,2024-10-24,True
1951,user_1951,API Client,United States,Dallas,Chrome Mobile (Android),Casual Visitor,2025-05-26,True
1952,user_1952,Visitor,Singapore,Singapore,Edge 138.0 (Windows 11),Casual Visitor,2023-08-01,True
1953,user_1953,Visitor,Ethiopia,Mekelle,Chrome 138.0 (Windows 11),Casual Visitor,2026-03-11,True
1954,user_1954,Visitor,United States,Dallas,Firefox 140.0 (Ubuntu),API Client,2025-01-28,True
1955,user_1955,API Client,Ethiopia,Mekelle,Firefox 140.0 (Ubuntu),Shopper,2024-08-06,False
1956,user_1956,Customer,Singapore,Singapore,Chrome 138.0 (Windows 11),Casual Visitor,2026-01-01,True
1957,user_1957,Customer,Germany,Berlin,Firefox 140.0 (Ubuntu),Casual Visitor,2025-05-07,True
1958,user_1958,Customer,Germany,Berlin,Edge 138.0 (Windows 11),Casual Visitor,2024-05-15,True
1959,user_1959,Visitor,Germany,Berlin,Safari 18.0 (macOS),Shopper,2026-05-27,False
1960,user_1960,Visitor,United Kingdom,London,Chrome 138.0 (Windows 11),Registered User,2026-06-02,True
1961,user_1961,Customer,United States,Dallas,Chrome Mobile (Android),Casual Visitor,2023-12-09,True
1962,user_1962,Visitor,Singapore,Singapore,Edge 138.0 (Windows 11),Casual Visitor,2025-10-20,True
1963,user_1963,Visitor,India,Mumbai,Firefox 140.0 (Ubuntu),Shopper,2025-02-09,True
1964,user_1964,Customer,Kenya,Nairobi,Chrome Mobile (Android),API Client,2023-11-12,True
1965,user_1965,Visitor,Singapore,Singapore,Edge 138.0 (Windows 11),Shopper,2025-10-24,True
1966,user_1966,Customer,Uganda,Kampala,Chrome Mobile (Android),Shopper,2025-11-21,False
1967,user_1967,Customer,Kenya,Mombasa,Safari 18.0 (macOS),API Client,2025-09-25,True
1968,user_1968,Visitor,Singapore,Singapore,Chrome 138.0 (Windows 11),Casual Visitor,2025-09-25,True
1969,user_1969,Visitor,Ethiopia,Mekelle,Firefox 140.0 (Ubuntu),Registered User,2025-12-06,False
1970,user_1970,Visitor,Germany,Berlin,Firefox 140.0 (Ubuntu),Shopper,2023-08-30,True
1971,user_1971,Customer,United Kingdom,London,Edge 138.0 (Windows 11),Shopper,2025-03-27,True
1972,user_1972,Visitor,Tanzania,Dar es Salaam,Safari 18.0 (macOS),Casual Visitor,2025-07-29,True
1973,user_1973,Visitor,Uganda,Kampala,Chrome 138.0 (Windows 11),Shopper,2023-10-05,True
1974,user_1974,Customer,India,Mumbai,Chrome 138.0 (Windows 11),Casual Visitor,2026-04-12,True
1975,user_1975,Visitor,Germany,Berlin,Chrome 138.0 (Windows 11),Shopper,2025-03-21,True
1976,user_1976,Customer,Singapore,Singapore,Safari 18.0 (macOS),Administrator,2025-02-28,True
1977,user_1977,Customer,Tanzania,Dar es Salaam,Safari 18.0 (macOS),Shopper,2024-08-27,False
1978,user_1978,Customer,Kenya,Mombasa,Firefox 140.0 (Ubuntu),Registered User,2023-08-24,True
1979,user_1979,Visitor,United Kingdom,London,Firefox 140.0 (Ubuntu),Casual Visitor,2025-02-03,True
1980,user_1980,Customer,Kenya,Nairobi,Safari 18.0 (macOS),Casual Visitor,2023-11-11,True
1981,user_1981,API Client,Tanzania,Dar es Salaam,Chrome Mobile (Android),Shopper,2025-01-15,True
1982,user_1982,Visitor,United Kingdom,London,Chrome 138.0 (Windows 11),Casual Visitor,2024-08-07,True
1983,user_1983,Customer,Germany,Berlin,Chrome 138.0 (Windows 11),Registered User,2026-05-15,False
1984,user_1984,Customer,Singapore,Singapore,Chrome Mobile (Android),Shopper,2026-03-31,True
1985,user_1985,Visitor,Kenya,Mombasa,Chrome 138.0 (Windows 11),Casual Visitor,2024-01-07,True
1986,user_1986,Visitor,Kenya,Mombasa,Chrome Mobile (Android),Shopper,2026-01-18,True
1987,user_1987,Visitor,Ethiopia,Addis Ababa,Edge 138.0 (Windows 11),Registered User,2024-12-27,True
1988,user_1988,Visitor,Ethiopia,Addis Ababa,Edge 138.0 (Windows 11),Casual Visitor,2024-02-22,True
1989,user_1989,Visitor,India,Mumbai,Edge 138.0 (Windows 11),Shopper,2023-10-06,True
1990,user_1990,Customer,India,Mumbai,Edge 138.0 (Windows 11),Casual Visitor,2025-01-27,True
1991,user_1991,Customer,India,Mumbai,Chrome Mobile (Android),Casual Visitor,2025-11-24,True
1992,user_1992,Visitor,Singapore,Singapore,Edge 138.0 (Windows 11),Shopper,2025-01-05,True
1993,user_1993,Customer,United States,New York,Edge 138.0 (Windows 11),Shopper,2026-04-23,True
1994,user_1994,Customer,United States,New York,Firefox 140.0 (Ubuntu),Casual Visitor,2024-04-26,True
1995,user_1995,Customer,Germany,Berlin,Chrome 138.0 (Windows 11),Registered User,2026-06-27,True
1996,user_1996,Visitor,Uganda,Kampala,Chrome Mobile (Android),Registered User,2025-07-20,False
1997,user_1997,Customer,Germany,Berlin,Firefox 140.0 (Ubuntu),API Client,2025-08-11,True
1998,user_1998,Visitor,Singapore,Singapore,Safari 18.0 (macOS),Registered User,2026-04-06,True
1999,user_1999,Visitor,Uganda,Kampala,Safari 18.0 (macOS),Casual Visitor,2024-05-08,True
2000,user_2000,Visitor,United Kingdom,London,Firefox 140.0 (Ubuntu),Casual Visitor,2024-02-24,True
2001,user_2001,Visitor,Ethiopia,Addis Ababa,Safari 18.0 (macOS),Shopper,2023-11-05,True
2002,user_2002,Customer,Kenya,Nairobi,Edge 138.0 (Windows 11),Shopper,2025-07-09,True
2003,user_2003,Visitor,Ethiopia,Mekelle,Edge 138.0 (Windows 11),Shopper,2023-09-25,True
2004,user_2004,API Client,Singapore,Singapore,Chrome 138.0 (Windows 11),Shopper,2024-10-27,True
2005,user_2005,Customer,Tanzania,Dar es Salaam,Firefox 140.0 (Ubuntu),Shopper,2024-06-07,True
2006,user_2006,Customer,Tanzania,Dar es Salaam,Safari 18.0 (macOS),Casual Visitor,2023-10-06,False
2007,user_2007,Visitor,United States,Dallas,Firefox 140.0 (Ubuntu),Registered User,2024-06-03,True
2008,user_2008,Visitor,Uganda,Kampala,Firefox 140.0 (Ubuntu),Casual Visitor,2023-10-03,True
2009,user_2009,Visitor,India,Mumbai,Chrome 138.0 (Windows 11),Casual Visitor,2024-12-01,True
2010,user_2010,Visitor,Tanzania,Dar es Salaam,Chrome 138.0 (Windows 11),Shopper,2024-11-22,True
2011,user_2011,Visitor,Tanzania,Dar es Salaam,Chrome 138.0 (Windows 11),Shopper,2025-10-07,True
2012,user_2012,Customer,Ethiopia,Mekelle,Firefox 140.0 (Ubuntu),Shopper,2025-04-08,True
2013,user_2013,Visitor,India,Mumbai,Safari 18.0 (macOS),Shopper,2025-11-19,True
2014,user_2014,Visitor,Uganda,Kampala,Chrome Mobile (Android),Casual Visitor,2025-08-03,True
2015,user_2015,Visitor,United States,New York,Chrome Mobile (Android),Shopper,2024-08-26,True
2016,user_2016,Visitor,Ethiopia,Addis Ababa,Edge 138.0 (Windows 11),Registered User,2023-09-24,True
2017,user_2017,Visitor,India,Mumbai,Safari 18.0 (macOS),Shopper,2026-04-29,True
2018,user_2018,Customer,India,Mumbai,Chrome Mobile (Android),Registered User,2024-05-21,True
2019,user_2019,Visitor,Ethiopia,Addis Ababa,Chrome Mobile (Android),Casual Visitor,2024-10-16,True
2020,user_2020,Customer,India,Mumbai,Chrome Mobile (Android),Casual Visitor,2025-02-03,True
2021,user_2021,Visitor,United Kingdom,London,Safari 18.0 (macOS),Registered User,2023-10-12,True
2022,user_2022,API Client,Uganda,Kampala,Safari 18.0 (macOS),Shopper,2026-05-13,True
2023,user_2023,Administrator,United States,New York,Safari 18.0 (macOS),Administrator,2024-12-26,True
2024,user_2024,Visitor,United Kingdom,London,Edge 138.0 (Windows 11),Registered User,2024-09-26,True
2025,user_2025,Customer,United States,Dallas,Safari 18.0 (macOS),Casual Visitor,2024-02-08,True
2026,user_2026,Visitor,Kenya,Mombasa,Firefox 140.0 (Ubuntu),API Client,2025-02-20,True
2027,user_2027,Visitor,Kenya,Nairobi,Edge 138.0 (Windows 11),Casual Visitor,2025-06-07,True
2028,user_2028,Customer,United Kingdom,London,Edge 138.0 (Windows 11),Shopper,2025-04-11,True
2029,user_2029,Customer,Tanzania,Dar es Salaam,Chrome 138.0 (Windows 11),Casual Visitor,2025-06-12,True
2030,user_2030,API Client,India,Mumbai,Chrome 138.0 (Windows 11),Registered User,2025-03-21,True
2031,user_2031,Visitor,India,Mumbai,Chrome Mobile (Android),Shopper,2025-01-06,True
2032,user_2032,Visitor,Kenya,Mombasa,Edge 138.0 (Windows 11),Shopper,2024-05-15,True
2033,user_2033,Customer,India,Mumbai,Chrome 138.0 (Windows 11),Casual Visitor,2025-09-07,True
2034,user_2034,Customer,Germany,Berlin,Chrome Mobile (Android),Casual Visitor,2025-09-09,True
2035,user_2035,Visitor,Ethiopia,Mekelle,Chrome Mobile (Android),Shopper,2025-02-19,True
2036,user_2036,Customer,Singapore,Singapore,Firefox 140.0 (Ubuntu),Registered User,2025-10-13,True
2037,user_2037,Administrator,United Kingdom,London,Safari 18.0 (macOS),Registered User,2024-09-16,True
2038,user_2038,Visitor,United Kingdom,London,Edge 138.0 (Windows 11),Casual Visitor,2023-12-05,True
2039,user_2039,Customer,United States,Dallas,Chrome 138.0 (Windows 11),Casual Visitor,2025-05-19,True
2040,user_2040,Customer,Germany,Berlin,Chrome 138.0 (Windows 11),Registered User,2023-11-29,True
2041,user_2041,Visitor,Singapore,Singapore,Safari 18.0 (macOS),API Client,2025-05-28,False
2042,user_2042,Visitor,United Kingdom,London,Edge 138.0 (Windows 11),Shopper,2026-02-19,True
2043,user_2043,Visitor,Ethiopia,Addis Ababa,Chrome Mobile (Android),Registered User,2024-05-05,True
2044,user_2044,Customer,India,Mumbai,Safari 18.0 (macOS),Registered User,2025-11-23,True
2045,user_2045,Visitor,Uganda,Kampala,Chrome Mobile (Android),Casual Visitor,2024-10-28,True
2046,user_2046,Visitor,Germany,Berlin,Edge 138.0 (Windows 11),Casual Visitor,2024-12-09,True
2047,user_2047,Visitor,Kenya,Nairobi,Safari 18.0 (macOS),Casual Visitor,2024-01-05,True
2048,user_2048,Customer,United Kingdom,London,Firefox 140.0 (Ubuntu),Registered User,2023-12-01,True
2049,user_2049,Visitor,United Kingdom,London,Firefox 140.0 (Ubuntu),Casual Visitor,2024-12-20,True
2050,user_2050,Customer,Kenya,Nairobi,Chrome Mobile (Android),Casual Visitor,2026-05-21,True
2051,user_2051,Customer,United Kingdom,London,Firefox 140.0 (Ubuntu),Casual Visitor,2024-10-31,True
2052,user_2052,Administrator,United States,New York,Firefox 140.0 (Ubuntu),Registered User,2024-11-17,True
2053,user_2053,Customer,India,Mumbai,Safari 18.0 (macOS),Casual Visitor,2025-06-21,True
2054,user_2054,Visitor,Tanzania,Dar es Salaam,Safari 18.0 (macOS),Casual Visitor,2026-02-20,True
2055,user_2055,Visitor,Germany,Berlin,Firefox 140.0 (Ubuntu),Shopper,2025-05-21,True
2056,user_2056,Visitor,Singapore,Singapore,Firefox 140.0 (Ubuntu),Casual Visitor,2024-04-13,True
2057,user_2057,Visitor,United Kingdom,London,Firefox 140.0 (Ubuntu),API Client,2025-06-18,True
2058,user_2058,Visitor,United Kingdom,London,Chrome 138.0 (Windows 11),Administrator,2025-01-26,True
2059,user_2059,Visitor,Germany,Berlin,Chrome 138.0 (Windows 11),Casual Visitor,2025-06-23,True
2060,user_2060,Administrator,Ethiopia,Mekelle,Edge 138.0 (Windows 11),Casual Visitor,2023-10-03,True
2061,user_2061,Visitor,Germany,Berlin,Edge 138.0 (Windows 11),Registered User,2025-01-27,True
2062,user_2062,Customer,Kenya,Nairobi,Firefox 140.0 (Ubuntu),Shopper,2026-03-11,True
2063,user_2063,Customer,Uganda,Kampala,Chrome 138.0 (Windows 11),Casual Visitor,2025-06-04,True
2064,user_2064,Customer,United States,Dallas,Firefox 140.0 (Ubuntu),Shopper,2024-09-28,True
2065,user_2065,Customer,Singapore,Singapore,Firefox 140.0 (Ubuntu),Casual Visitor,2026-04-18,True
2066,user_2066,Visitor,Uganda,Kampala,Edge 138.0 (Windows 11),Shopper,2023-10-27,True
2067,user_2067,Visitor,United States,Dallas,Chrome 138.0 (Windows 11),Casual Visitor,2023-11-23,True
2068,user_2068,Administrator,Kenya,Nairobi,Chrome 138.0 (Windows 11),Shopper,2026-06-06,True
2069,user_2069,Visitor,Singapore,Singapore,Chrome 138.0 (Windows 11),Casual Visitor,2026-04-15,True
2070,user_2070,Visitor,Germany,Berlin,Safari 18.0 (macOS),Shopper,2025-04-21,True
2071,user_2071,Visitor,Singapore,Singapore,Chrome Mobile (Android),Registered User,2025-02-13,True
2072,user_2072,Customer,India,Mumbai,Edge 138.0 (Windows 11),Casual Visitor,2025-10-04,True
2073,user_2073,Visitor,United Kingdom,London,Chrome Mobile (Android),Casual Visitor,2026-06-19,True
2074,user_2074,Visitor,Uganda,Kampala,Chrome 138.0 (Windows 11),Registered User,2024-04-03,True
2075,user_2075,Visitor,United States,New York,Edge 138.0 (Windows 11),Casual Visitor,2023-09-16,True
2076,user_2076,Customer,United Kingdom,London,Chrome Mobile (Android),Shopper,2024-03-07,False
2077,user_2077,Visitor,United States,New York,Edge 138.0 (Windows 11),Shopper,2026-02-27,True
2078,user_2078,Customer,Kenya,Mombasa,Firefox 140.0 (Ubuntu),API Client,2026-06-17,True
2079,user_2079,Visitor,Kenya,Nairobi,Edge 138.0 (Windows 11),Casual Visitor,2025-06-09,True
2080,user_2080,Customer,United Kingdom,London,Chrome Mobile (Android),Shopper,2023-09-22,False
2081,user_2081,Visitor,India,Mumbai,Chrome 138.0 (Windows 11),Registered User,2024-02-11,True
2082,user_2082,Visitor,Singapore,Singapore,Firefox 140.0 (Ubuntu),Casual Visitor,2023-11-11,True
2083,user_2083,Customer,India,Mumbai,Edge 138.0 (Windows 11),Registered User,2024-07-30,True
2084,user_2084,Customer,United Kingdom,London,Chrome Mobile (Android),Casual Visitor,2026-04-27,True
2085,user_2085,Visitor,India,Mumbai,Edge 138.0 (Windows 11),Casual Visitor,2025-02-18,True
2086,user_2086,Customer,India,Mumbai,Chrome 138.0 (Windows 11),API Client,2025-02-11,False
2087,user_2087,Customer,Uganda,Kampala,Chrome Mobile (Android),Casual Visitor,2025-03-15,True
2088,user_2088,Visitor,Tanzania,Dar es Salaam,Edge 138.0 (Windows 11),Shopper,2025-12-27,True
2089,user_2089,Customer,Singapore,Singapore,Edge 138.0 (Windows 11),Shopper,2023-09-18,True
2090,user_2090,Visitor,Singapore,Singapore,Chrome 138.0 (Windows 11),Shopper,2026-02-23,True
2091,user_2091,Visitor,Tanzania,Dar es Salaam,Chrome Mobile (Android),Shopper,2024-03-24,True
2092,user_2092,Visitor,Kenya,Mombasa,Chrome Mobile (Android),API Client,2026-06-18,True
2093,user_2093,Visitor,India,Mumbai,Edge 138.0 (Windows 11),Casual Visitor,2025-06-27,True
2094,user_2094,Visitor,Singapore,Singapore,Chrome Mobile (Android),Shopper,2025-02-25,True
2095,user_2095,Visitor,Germany,Berlin,Firefox 140.0 (Ubuntu),Registered User,2025-02-26,True
2096,user_2096,Customer,Tanzania,Dar es Salaam,Safari 18.0 (macOS),Casual Visitor,2025-06-18,True
2097,user_2097,Visitor,United Kingdom,London,Edge 138.0 (Windows 11),Casual Visitor,2023-11-26,True
2098,user_2098,Visitor,Uganda,Kampala,Edge 138.0 (Windows 11),Registered User,2026-01-06,True
2099,user_2099,Visitor,Ethiopia,Mekelle,Chrome Mobile (Android),Shopper,2024-02-28,True
2100,user_2100,Visitor,United States,New York,Chrome Mobile (Android),Shopper,2025-10-29,True
2101,user_2101,Administrator,United Kingdom,London,Chrome 138.0 (Windows 11),Casual Visitor,2025-02-19,True
2102,user_2102,Visitor,Ethiopia,Mekelle,Firefox 140.0 (Ubuntu),Registered User,2025-04-08,True
2103,user_2103,Visitor,India,Mumbai,Chrome 138.0 (Windows 11),Casual Visitor,2024-11-29,True
2104,user_2104,Customer,United Kingdom,London,Safari 18.0 (macOS),Registered User,2026-05-04,False
2105,user_2105,Customer,Germany,Berlin,Edge 138.0 (Windows 11),Registered User,2024-10-04,True
2106,user_2106,Visitor,United States,Dallas,Edge 138.0 (Windows 11),API Client,2024-08-20,True
2107,user_2107,Visitor,Ethiopia,Mekelle,Safari 18.0 (macOS),Casual Visitor,2024-01-22,True
2108,user_2108,API Client,United States,New York,Safari 18.0 (macOS),Shopper,2023-09-08,True
2109,user_2109,Visitor,Germany,Berlin,Chrome 138.0 (Windows 11),Shopper,2024-05-14,True
2110,user_2110,Visitor,Ethiopia,Addis Ababa,Firefox 140.0 (Ubuntu),Casual Visitor,2025-09-12,True
2111,user_2111,Customer,Germany,Berlin,Chrome 138.0 (Windows 11),Casual Visitor,2025-10-11,True
2112,user_2112,Administrator,India,Mumbai,Safari 18.0 (macOS),Shopper,2025-03-22,True
2113,user_2113,Customer,Uganda,Kampala,Edge 138.0 (Windows 11),Casual Visitor,2025-12-18,True
2114,user_2114,Customer,Kenya,Mombasa,Edge 138.0 (Windows 11),Casual Visitor,2024-01-28,True
2115,user_2115,Visitor,United Kingdom,London,Chrome 138.0 (Windows 11),Casual Visitor,2024-09-08,True
2116,user_2116,Visitor,United States,New York,Chrome Mobile (Android),Shopper,2024-09-06,True
2117,user_2117,Customer,United Kingdom,London,Chrome 138.0 (Windows 11),Casual Visitor,2025-06-22,True
2118,user_2118,Customer,Tanzania,Dar es Salaam,Chrome 138.0 (Windows 11),Administrator,2024-06-27,True
2119,user_2119,Customer,Germany,Berlin,Firefox 140.0 (Ubuntu),Registered User,2026-03-06,True
2120,user_2120,Visitor,India,Mumbai,Safari 18.0 (macOS),Registered User,2024-10-15,True
2121,user_2121,Visitor,Uganda,Kampala,Firefox 140.0 (Ubuntu),Shopper,2025-08-31,True
2122,user_2122,Customer,Singapore,Singapore,Chrome Mobile (Android),Casual Visitor,2024-06-04,True
2123,user_2123,Visitor,Ethiopia,Addis Ababa,Chrome Mobile (Android),Administrator,2024-02-05,True
2124,user_2124,Customer,United States,New York,Chrome Mobile (Android),Casual Visitor,2024-02-25,True
2125,user_2125,Customer,Germany,Berlin,Edge 138.0 (Windows 11),Shopper,2023-11-22,False
2126,user_2126,Visitor,United Kingdom,London,Chrome 138.0 (Windows 11),Casual Visitor,2025-07-01,True
2127,user_2127,Visitor,United States,New York,Firefox 140.0 (Ubuntu),Casual Visitor,2024-04-23,True
2128,user_2128,Visitor,Tanzania,Dar es Salaam,Firefox 140.0 (Ubuntu),API Client,2025-06-20,True
2129,user_2129,Visitor,India,Mumbai,Chrome Mobile (Android),API Client,2023-12-13,True
2130,user_2130,Customer,Uganda,Kampala,Safari 18.0 (macOS),Registered User,2026-06-23,True
2131,user_2131,Visitor,United Kingdom,London,Edge 138.0 (Windows 11),Administrator,2024-12-07,True
2132,user_2132,Visitor,United Kingdom,London,Firefox 140.0 (Ubuntu),Casual Visitor,2026-06-01,True
2133,user_2133,Visitor,Tanzania,Dar es Salaam,Chrome Mobile (Android),Registered User,2025-01-19,True
2134,user_2134,Customer,Ethiopia,Addis Ababa,Chrome Mobile (Android),Registered User,2023-11-07,True
2135,user_2135,Visitor,United States,New York,Safari 18.0 (macOS),Shopper,2025-11-30,True
2136,user_2136,Customer,Uganda,Kampala,Chrome Mobile (Android),Shopper,2025-11-18,True
2137,user_2137,Visitor,India,Mumbai,Edge 138.0 (Windows 11),Casual Visitor,2024-10-23,True
2138,user_2138,Customer,United States,New York,Safari 18.0 (macOS),Shopper,2024-11-06,True
2139,user_2139,Visitor,Uganda,Kampala,Safari 18.0 (macOS),Casual Visitor,2024-03-30,True
2140,user_2140,Visitor,United States,Dallas,Chrome Mobile (Android),Administrator,2026-04-15,True
2141,user_2141,Customer,Singapore,Singapore,Chrome Mobile (Android),Casual Visitor,2024-04-25,True
2142,user_2142,Customer,Ethiopia,Addis Ababa,Chrome Mobile (Android),Shopper,2025-02-10,True
2143,user_2143,API Client,Tanzania,Dar es Salaam,Firefox 140.0 (Ubuntu),Registered User,2025-09-27,True
2144,user_2144,Visitor,India,Mumbai,Chrome 138.0 (Windows 11),Administrator,2024-07-12,True
2145,user_2145,Visitor,Germany,Berlin,Safari 18.0 (macOS),Casual Visitor,2024-02-03,True
2146,user_2146,Visitor,Ethiopia,Mekelle,Safari 18.0 (macOS),Registered User,2024-06-06,True
2147,user_2147,Visitor,Uganda,Kampala,Firefox 140.0 (Ubuntu),Casual Visitor,2024-03-01,True
2148,user_2148,Visitor,Ethiopia,Mekelle,Chrome 138.0 (Windows 11),Shopper,2024-07-31,True
2149,user_2149,Customer,Kenya,Nairobi,Chrome 138.0 (Windows 11),Casual Visitor,2025-09-04,False
2150,user_2150,Visitor,Singapore,Singapore,Safari 18.0 (macOS),Casual Visitor,2023-09-08,True
2151,user_2151,API Client,United Kingdom,London,Firefox 140.0 (Ubuntu),Shopper,2025-02-09,True
2152,user_2152,API Client,Singapore,Singapore,Chrome 138.0 (Windows 11),Registered User,2025-12-06,True
2153,user_2153,Customer,United Kingdom,London,Firefox 140.0 (Ubuntu),Shopper,2026-01-04,True
2154,user_2154,Customer,India,Mumbai,Chrome Mobile (Android),Registered User,2025-02-22,True
2155,user_2155,Administrator,Ethiopia,Mekelle,Chrome 138.0 (Windows 11),Casual Visitor,2025-07-25,True
2156,user_2156,Administrator,Singapore,Singapore,Safari 18.0 (macOS),Casual Visitor,2025-12-02,True
2157,user_2157,Administrator,United Kingdom,London,Chrome Mobile (Android),Registered User,2024-02-16,True
2158,user_2158,Visitor,Ethiopia,Addis Ababa,Edge 138.0 (Windows 11),Casual Visitor,2026-03-06,False
2159,user_2159,Customer,India,Mumbai,Chrome 138.0 (Windows 11),Casual Visitor,2023-12-10,True
2160,user_2160,Customer,India,Mumbai,Chrome 138.0 (Windows 11),Shopper,2023-11-09,True
2161,user_2161,Customer,Singapore,Singapore,Firefox 140.0 (Ubuntu),Casual Visitor,2024-11-21,True
2162,user_2162,Administrator,Tanzania,Dar es Salaam,Safari 18.0 (macOS),Shopper,2025-04-08,True
2163,user_2163,Visitor,India,Mumbai,Edge 138.0 (Windows 11),Shopper,2025-08-11,True
2164,user_2164,API Client,United States,Dallas,Edge 138.0 (Windows 11),Registered User,2025-10-23,True
2165,user_2165,Visitor,Singapore,Singapore,Chrome 138.0 (Windows 11),Casual Visitor,2025-04-28,True
2166,user_2166,Customer,Singapore,Singapore,Chrome 138.0 (Windows 11),Shopper,2025-04-26,True
2167,user_2167,Visitor,United States,Dallas,Chrome Mobile (Android),Casual Visitor,2026-01-08,True
2168,user_2168,Visitor,Germany,Berlin,Chrome 138.0 (Windows 11),Administrator,2023-11-21,True
2169,user_2169,Customer,Uganda,Kampala,Chrome 138.0 (Windows 11),Registered User,2024-02-09,True
2170,user_2170,Administrator,Kenya,Nairobi,Firefox 140.0 (Ubuntu),Administrator,2024-12-03,True
2171,user_2171,Administrator,United States,New York,Edge 138.0 (Windows 11),API Client,2026-04-22,False
2172,user_2172,Administrator,Tanzania,Dar es Salaam,Safari 18.0 (macOS),Casual Visitor,2023-11-22,True
2173,user_2173,Customer,Tanzania,Dar es Salaam,Safari 18.0 (macOS),Shopper,2025-06-28,True
2174,user_2174,Administrator,United States,New York,Edge 138.0 (Windows 11),Shopper,2025-07-22,True
2175,user_2175,Visitor,Germany,Berlin,Firefox 140.0 (Ubuntu),Registered User,2026-06-20,True
2176,user_2176,Visitor,Kenya,Mombasa,Safari 18.0 (macOS),Casual Visitor,2025-10-10,True
2177,user_2177,Visitor,Ethiopia,Addis Ababa,Safari 18.0 (macOS),Casual Visitor,2025-01-15,True
2178,user_2178,API Client,Uganda,Kampala,Safari 18.0 (macOS),Casual Visitor,2024-02-14,True
2179,user_2179,Customer,United States,New York,Safari 18.0 (macOS),Registered User,2025-12-02,True
2180,user_2180,Visitor,Ethiopia,Mekelle,Chrome Mobile (Android),API Client,2026-04-18,True
2181,user_2181,Visitor,Ethiopia,Addis Ababa,Safari 18.0 (macOS),Casual Visitor,2026-01-28,True
2182,user_2182,Visitor,Ethiopia,Addis Ababa,Edge 138.0 (Windows 11),Shopper,2024-05-07,True
2183,user_2183,Customer,Kenya,Nairobi,Edge 138.0 (Windows 11),Casual Visitor,2024-02-15,True
2184,user_2184,Customer,Uganda,Kampala,Edge 138.0 (Windows 11),Administrator,2025-06-01,True
2185,user_2185,Visitor,Tanzania,Dar es Salaam,Firefox 140.0 (Ubuntu),Administrator,2025-09-18,True
2186,user_2186,Customer,Tanzania,Dar es Salaam,Edge 138.0 (Windows 11),Shopper,2023-10-24,True
2187,user_2187,Customer,India,Mumbai,Chrome Mobile (Android),Shopper,2024-02-07,True
2188,user_2188,Visitor,Uganda,Kampala,Chrome 138.0 (Windows 11),Shopper,2025-10-11,True
2189,user_2189,Visitor,Uganda,Kampala,Firefox 140.0 (Ubuntu),Administrator,2024-03-23,True
2190,user_2190,Visitor,Kenya,Mombasa,Chrome 138.0 (Windows 11),Registered User,2024-11-13,True
2191,user_2191,Customer,Ethiopia,Addis Ababa,Chrome 138.0 (Windows 11),Shopper,2024-04-10,True
2192,user_2192,Visitor,India,Mumbai,Chrome Mobile (Android),Casual Visitor,2024-04-06,True
2193,user_2193,Customer,Tanzania,Dar es Salaam,Edge 138.0 (Windows 11),API Client,2024-12-12,True
2194,user_2194,Visitor,India,Mumbai,Edge 138.0 (Windows 11),Casual Visitor,2024-07-14,True
2195,user_2195,API Client,Uganda,Kampala,Firefox 140.0 (Ubuntu),Casual Visitor,2025-01-17,True
2196,user_2196,Visitor,United States,New York,Safari 18.0 (macOS),Registered User,2025-10-13,True
2197,user_2197,Visitor,Tanzania,Dar es Salaam,Edge 138.0 (Windows 11),Casual Visitor,2024-10-13,True
2198,user_2198,Customer,Germany,Berlin,Safari 18.0 (macOS),API Client,2023-11-29,True
2199,user_2199,Customer,United Kingdom,London,Firefox 140.0 (Ubuntu),Registered User,2024-08-22,True
2200,user_2200,Customer,Tanzania,Dar es Salaam,Chrome Mobile (Android),Casual Visitor,2024-05-29,True
2201,user_2201,Customer,Germany,Berlin,Firefox 140.0 (Ubuntu),Casual Visitor,2026-04-11,True
2202,user_2202,Visitor,Singapore,Singapore,Chrome Mobile (Android),Shopper,2025-12-01,True
2203,user_2203,Customer,United Kingdom,London,Chrome Mobile (Android),Shopper,2024-09-28,True
2204,user_2204,Visitor,Kenya,Nairobi,Firefox 140.0 (Ubuntu),Casual Visitor,2024-02-09,True
2205,user_2205,Customer,Uganda,Kampala,Firefox 140.0 (Ubuntu),Casual Visitor,2026-03-26,True
2206,user_2206,Customer,Tanzania,Dar es Salaam,Safari 18.0 (macOS),Casual Visitor,2024-11-11,True
2207,user_2207,Customer,Singapore,Singapore,Chrome 138.0 (Windows 11),Casual Visitor,2026-03-10,True
2208,user_2208,Customer,Kenya,Mombasa,Edge 138.0 (Windows 11),Administrator,2025-11-04,True
2209,user_2209,Visitor,Uganda,Kampala,Chrome 138.0 (Windows 11),Casual Visitor,2023-12-22,True
2210,user_2210,Visitor,India,Mumbai,Firefox 140.0 (Ubuntu),Casual Visitor,2025-09-17,True
2211,user_2211,Administrator,Singapore,Singapore,Firefox 140.0 (Ubuntu),Casual Visitor,2026-04-20,True
2212,user_2212,Customer,Germany,Berlin,Safari 18.0 (macOS),Shopper,2024-04-16,True
2213,user_2213,Customer,Tanzania,Dar es Salaam,Firefox 140.0 (Ubuntu),Administrator,2026-02-03,True
2214,user_2214,Customer,Kenya,Nairobi,Safari 18.0 (macOS),Casual Visitor,2026-01-17,True
2215,user_2215,Administrator,Kenya,Mombasa,Chrome Mobile (Android),Shopper,2024-03-25,True
2216,user_2216,Administrator,Kenya,Mombasa,Chrome Mobile (Android),Casual Visitor,2024-04-20,True
2217,user_2217,Visitor,Ethiopia,Mekelle,Firefox 140.0 (Ubuntu),Shopper,2026-05-18,True
2218,user_2218,API Client,Uganda,Kampala,Firefox 140.0 (Ubuntu),API Client,2026-03-26,True
2219,user_2219,Customer,Ethiopia,Mekelle,Safari 18.0 (macOS),Casual Visitor,2026-02-24,True
2220,user_2220,Visitor,Germany,Berlin,Edge 138.0 (Windows 11),Casual Visitor,2025-01-04,True
2221,user_2221,Visitor,Singapore,Singapore,Firefox 140.0 (Ubuntu),Casual Visitor,2025-12-21,True
2222,user_2222,Visitor,United States,Dallas,Safari 18.0 (macOS),Casual Visitor,2023-10-01,True
2223,user_2223,Visitor,India,Mumbai,Chrome 138.0 (Windows 11),Casual Visitor,2023-09-12,False
2224,user_2224,Visitor,Kenya,Nairobi,Firefox 140.0 (Ubuntu),Administrator,2023-12-03,True
2225,user_2225,Customer,Kenya,Mombasa,Edge 138.0 (Windows 11),Casual Visitor,2023-10-08,True
2226,user_2226,Customer,Germany,Berlin,Firefox 140.0 (Ubuntu),Administrator,2026-04-21,True
2227,user_2227,Visitor,Singapore,Singapore,Edge 138.0 (Windows 11),Casual Visitor,2026-01-10,True
2228,user_2228,Customer,Ethiopia,Mekelle,Chrome 138.0 (Windows 11),Casual Visitor,2024-09-13,True
2229,user_2229,Visitor,Ethiopia,Addis Ababa,Edge 138.0 (Windows 11),Casual Visitor,2026-05-06,True
2230,user_2230,Customer,Tanzania,Dar es Salaam,Chrome 138.0 (Windows 11),Registered User,2024-06-21,True
2231,user_2231,Visitor,United Kingdom,London,Safari 18.0 (macOS),Shopper,2026-01-03,True
2232,user_2232,Visitor,Ethiopia,Addis Ababa,Firefox 140.0 (Ubuntu),Casual Visitor,2025-05-07,True
2233,user_2233,Visitor,Ethiopia,Addis Ababa,Chrome 138.0 (Windows 11),Casual Visitor,2026-03-16,True
2234,user_2234,Visitor,Tanzania,Dar es Salaam,Chrome 138.0 (Windows 11),Casual Visitor,2026-04-17,True
2235,user_2235,Customer,Tanzania,Dar es Salaam,Safari 18.0 (macOS),Shopper,2023-09-15,True
2236,user_2236,Visitor,United States,New York,Chrome Mobile (Android),Casual Visitor,2025-09-10,True
2237,user_2237,Visitor,Tanzania,Dar es Salaam,Chrome Mobile (Android),Shopper,2026-03-30,True
2238,user_2238,Visitor,Ethiopia,Addis Ababa,Edge 138.0 (Windows 11),Registered User,2025-11-23,True
2239,user_2239,Customer,Germany,Berlin,Chrome Mobile (Android),Shopper,2024-10-21,True
2240,user_2240,Customer,United States,Dallas,Chrome Mobile (Android),Casual Visitor,2026-04-22,True
2241,user_2241,Customer,United States,Dallas,Chrome 138.0 (Windows 11),Casual Visitor,2024-11-10,True
2242,user_2242,Visitor,Kenya,Mombasa,Safari 18.0 (macOS),Casual Visitor,2025-08-18,True
2243,user_2243,Customer,Ethiopia,Mekelle,Edge 138.0 (Windows 11),Shopper,2024-08-13,True
2244,user_2244,Customer,Ethiopia,Mekelle,Edge 138.0 (Windows 11),Shopper,2026-06-28,True
2245,user_2245,Visitor,India,Mumbai,Safari 18.0 (macOS),Casual Visitor,2025-04-20,False
2246,user_2246,Customer,Tanzania,Dar es Salaam,Chrome 138.0 (Windows 11),Shopper,2024-11-03,True
2247,user_2247,Administrator,India,Mumbai,Safari 18.0 (macOS),Shopper,2025-07-03,True
2248,user_2248,Visitor,India,Mumbai,Safari 18.0 (macOS),Shopper,2023-11-20,True
2249,user_2249,Visitor,Uganda,Kampala,Firefox 140.0 (Ubuntu),Casual Visitor,2023-10-31,True
2250,user_2250,Customer,Uganda,Kampala,Firefox 140.0 (Ubuntu),Casual Visitor,2024-03-31,True
2251,user_2251,Visitor,India,Mumbai,Firefox 140.0 (Ubuntu),Casual Visitor,2025-06-11,True
2252,user_2252,Visitor,United States,Dallas,Safari 18.0 (macOS),Shopper,2025-05-05,True
2253,user_2253,Visitor,Germany,Berlin,Chrome 138.0 (Windows 11),Casual Visitor,2025-08-20,True
2254,user_2254,Customer,United Kingdom,London,Firefox 140.0 (Ubuntu),Casual Visitor,2025-07-20,True
2255,user_2255,Visitor,Tanzania,Dar es Salaam,Edge 138.0 (Windows 11),Shopper,2024-06-10,True
2256,user_2256,Customer,United States,Dallas,Chrome Mobile (Android),Casual Visitor,2025-01-08,True
2257,user_2257,Visitor,United Kingdom,London,Safari 18.0 (macOS),Casual Visitor,2026-02-26,True
2258,user_2258,Visitor,Germany,Berlin,Edge 138.0 (Windows 11),Shopper,2024-03-09,True
2259,user_2259,Customer,United Kingdom,London,Chrome Mobile (Android),Casual Visitor,2024-11-26,True
2260,user_2260,API Client,Tanzania,Dar es Salaam,Chrome Mobile (Android),API Client,2024-12-07,True
2261,user_2261,Visitor,Tanzania,Dar es Salaam,Safari 18.0 (macOS),Registered User,2025-01-16,True
2262,user_2262,Customer,Ethiopia,Mekelle,Chrome Mobile (Android),Casual Visitor,2025-04-09,True
2263,user_2263,Visitor,India,Mumbai,Safari 18.0 (macOS),Registered User,2024-02-18,True
2264,user_2264,Visitor,United States,New York,Chrome 138.0 (Windows 11),Shopper,2025-02-24,True
2265,user_2265,Visitor,Kenya,Mombasa,Chrome Mobile (Android),Shopper,2025-10-06,True
2266,user_2266,Visitor,United States,Dallas,Edge 138.0 (Windows 11),Shopper,2025-12-18,True
2267,user_2267,Visitor,Tanzania,Dar es Salaam,Chrome 138.0 (Windows 11),Registered User,2024-01-10,True
2268,user_2268,Visitor,Singapore,Singapore,Safari 18.0 (macOS),Shopper,2024-12-06,True
2269,user_2269,Visitor,Kenya,Mombasa,Firefox 140.0 (Ubuntu),Casual Visitor,2024-08-08,True
2270,user_2270,Visitor,Germany,Berlin,Firefox 140.0 (Ubuntu),Shopper,2025-07-23,True
2271,user_2271,Customer,Uganda,Kampala,Chrome 138.0 (Windows 11),Administrator,2024-02-05,True
2272,user_2272,Visitor,Tanzania,Dar es Salaam,Chrome Mobile (Android),Casual Visitor,2024-09-17,False
2273,user_2273,Customer,Ethiopia,Addis Ababa,Chrome Mobile (Android),Shopper,2025-06-27,True
2274,user_2274,Customer,Germany,Berlin,Edge 138.0 (Windows 11),Casual Visitor,2024-08-18,True
2275,user_2275,Visitor,Kenya,Mombasa,Chrome Mobile (Android),Casual Visitor,2024-03-04,True
2276,user_2276,Visitor,Uganda,Kampala,Chrome 138.0 (Windows 11),Casual Visitor,2023-12-27,True
2277,user_2277,Visitor,Uganda,Kampala,Edge 138.0 (Windows 11),API Client,2023-10-16,True
2278,user_2278,Customer,Germany,Berlin,Safari 18.0 (macOS),Shopper,2024-10-22,True
2279,user_2279,Customer,Germany,Berlin,Chrome Mobile (Android),Registered User,2025-03-17,True
2280,user_2280,Visitor,India,Mumbai,Edge 138.0 (Windows 11),Casual Visitor,2026-03-11,True
2281,user_2281,Visitor,Singapore,Singapore,Firefox 140.0 (Ubuntu),Shopper,2025-05-09,True
2282,user_2282,API Client,Tanzania,Dar es Salaam,Firefox 140.0 (Ubuntu),Shopper,2024-08-18,True
2283,user_2283,Visitor,Germany,Berlin,Edge 138.0 (Windows 11),Shopper,2024-04-03,True
2284,user_2284,Visitor,Germany,Berlin,Chrome Mobile (Android),Casual Visitor,2024-12-19,True
2285,user_2285,Visitor,India,Mumbai,Chrome 138.0 (Windows 11),Shopper,2026-01-12,True
2286,user_2286,Visitor,Uganda,Kampala,Chrome Mobile (Android),Casual Visitor,2024-11-26,True
2287,user_2287,Customer,United States,Dallas,Chrome Mobile (Android),Casual Visitor,2024-05-19,True
2288,user_2288,Visitor,United States,Dallas,Edge 138.0 (Windows 11),Casual Visitor,2024-04-02,True
2289,user_2289,Visitor,India,Mumbai,Chrome Mobile (Android),Registered User,2025-09-11,True
2290,user_2290,Visitor,Ethiopia,Addis Ababa,Chrome 138.0 (Windows 11),Registered User,2025-10-06,True
2291,user_2291,Customer,Tanzania,Dar es Salaam,Firefox 140.0 (Ubuntu),Registered User,2025-07-24,True
2292,user_2292,Visitor,United Kingdom,London,Firefox 140.0 (Ubuntu),Shopper,2025-09-11,True
2293,user_2293,Visitor,United States,New York,Edge 138.0 (Windows 11),Casual Visitor,2024-11-20,True
2294,user_2294,Visitor,United Kingdom,London,Safari 18.0 (macOS),Registered User,2025-09-09,True
2295,user_2295,Administrator,Germany,Berlin,Safari 18.0 (macOS),Shopper,2023-09-04,True
2296,user_2296,Customer,Tanzania,Dar es Salaam,Chrome 138.0 (Windows 11),Registered User,2023-12-16,True
2297,user_2297,Administrator,Kenya,Mombasa,Edge 138.0 (Windows 11),Shopper,2025-03-31,True
2298,user_2298,Visitor,Uganda,Kampala,Firefox 140.0 (Ubuntu),Shopper,2025-09-22,False
2299,user_2299,Visitor,United Kingdom,London,Chrome 138.0 (Windows 11),Casual Visitor,2025-07-09,True
2300,user_2300,Visitor,Ethiopia,Mekelle,Safari 18.0 (macOS),Administrator,2024-08-06,True
2301,user_2301,Administrator,Tanzania,Dar es Salaam,Chrome 138.0 (Windows 11),Registered User,2024-06-28,True
2302,user_2302,Visitor,Uganda,Kampala,Firefox 140.0 (Ubuntu),Shopper,2026-01-21,True
2303,user_2303,Visitor,Singapore,Singapore,Chrome Mobile (Android),Shopper,2025-01-28,True
2304,user_2304,Visitor,Uganda,Kampala,Safari 18.0 (macOS),Casual Visitor,2023-10-13,True
2305,user_2305,Visitor,India,Mumbai,Chrome 138.0 (Windows 11),Shopper,2023-10-16,True
2306,user_2306,Customer,Ethiopia,Mekelle,Safari 18.0 (macOS),Casual Visitor,2024-10-09,True
2307,user_2307,Visitor,United States,New York,Safari 18.0 (macOS),Registered User,2025-09-05,False
2308,user_2308,Customer,Kenya,Mombasa,Safari 18.0 (macOS),Registered User,2026-02-12,True
2309,user_2309,Visitor,Kenya,Mombasa,Chrome Mobile (Android),Casual Visitor,2026-05-11,True
2310,user_2310,Visitor,Singapore,Singapore,Edge 138.0 (Windows 11),Registered User,2026-06-08,True
2311,user_2311,Visitor,United Kingdom,London,Chrome Mobile (Android),Shopper,2025-07-30,True
2312,user_2312,Visitor,United Kingdom,London,Safari 18.0 (macOS),Shopper,2024-10-15,True
2313,user_2313,Customer,Germany,Berlin,Firefox 140.0 (Ubuntu),Casual Visitor,2025-11-09,True
2314,user_2314,Customer,India,Mumbai,Firefox 140.0 (Ubuntu),Registered User,2023-08-11,True
2315,user_2315,Visitor,Uganda,Kampala,Firefox 140.0 (Ubuntu),Registered User,2024-01-12,True
2316,user_2316,Visitor,Tanzania,Dar es Salaam,Safari 18.0 (macOS),Registered User,2025-05-29,False
2317,user_2317,Visitor,Singapore,Singapore,Chrome Mobile (Android),Casual Visitor,2024-02-23,True
2318,user_2318,Customer,Uganda,Kampala,Edge 138.0 (Windows 11),Shopper,2024-09-12,True
2319,user_2319,Visitor,United Kingdom,London,Safari 18.0 (macOS),Casual Visitor,2025-02-17,True
2320,user_2320,Visitor,Germany,Berlin,Safari 18.0 (macOS),Casual Visitor,2025-04-16,True
2321,user_2321,Customer,Tanzania,Dar es Salaam,Chrome Mobile (Android),Registered User,2025-02-17,True
2322,user_2322,Visitor,Ethiopia,Mekelle,Safari 18.0 (macOS),Casual Visitor,2023-10-08,True
2323,user_2323,Visitor,Ethiopia,Addis Ababa,Chrome 138.0 (Windows 11),Casual Visitor,2025-04-12,True
2324,user_2324,Visitor,Ethiopia,Addis Ababa,Chrome 138.0 (Windows 11),Shopper,2023-10-17,True
2325,user_2325,Customer,Germany,Berlin,Edge 138.0 (Windows 11),Casual Visitor,2025-12-31,True
2326,user_2326,Customer,United States,Dallas,Safari 18.0 (macOS),Shopper,2025-12-18,True
2327,user_2327,Visitor,India,Mumbai,Edge 138.0 (Windows 11),Casual Visitor,2024-05-27,True
2328,user_2328,Visitor,Germany,Berlin,Chrome Mobile (Android),Shopper,2025-02-12,True
2329,user_2329,Visitor,India,Mumbai,Safari 18.0 (macOS),Registered User,2025-12-05,True
2330,user_2330,Visitor,United States,New York,Chrome 138.0 (Windows 11),Shopper,2024-10-20,True
2331,user_2331,Visitor,Tanzania,Dar es Salaam,Edge 138.0 (Windows 11),Shopper,2023-11-21,True
2332,user_2332,Customer,India,Mumbai,Chrome 138.0 (Windows 11),Casual Visitor,2025-03-21,True
2333,user_2333,Visitor,Kenya,Mombasa,Firefox 140.0 (Ubuntu),Shopper,2025-09-20,True
2334,user_2334,Visitor,Germany,Berlin,Chrome 138.0 (Windows 11),Shopper,2025-06-28,True
2335,user_2335,Customer,India,Mumbai,Chrome 138.0 (Windows 11),Casual Visitor,2025-11-30,True
2336,user_2336,API Client,Ethiopia,Addis Ababa,Chrome 138.0 (Windows 11),Casual Visitor,2024-10-06,True
2337,user_2337,Customer,Kenya,Mombasa,Firefox 140.0 (Ubuntu),Registered User,2026-03-24,True
2338,user_2338,Visitor,Uganda,Kampala,Chrome Mobile (Android),Registered User,2026-06-20,True
2339,user_2339,Visitor,India,Mumbai,Firefox 140.0 (Ubuntu),Casual Visitor,2026-03-05,False
2340,user_2340,Visitor,Kenya,Mombasa,Safari 18.0 (macOS),Casual Visitor,2024-01-30,True
2341,user_2341,Visitor,United Kingdom,London,Chrome 138.0 (Windows 11),Casual Visitor,2024-02-14,True
2342,user_2342,Visitor,Germany,Berlin,Edge 138.0 (Windows 11),Registered User,2023-12-27,True
2343,user_2343,Visitor,India,Mumbai,Firefox 140.0 (Ubuntu),Administrator,2025-04-01,True
2344,user_2344,Visitor,Ethiopia,Addis Ababa,Chrome Mobile (Android),Casual Visitor,2025-02-28,True
2345,user_2345,Customer,Singapore,Singapore,Safari 18.0 (macOS),Casual Visitor,2025-01-06,True
2346,user_2346,Visitor,Uganda,Kampala,Chrome 138.0 (Windows 11),Casual Visitor,2025-12-12,True
2347,user_2347,Visitor,Uganda,Kampala,Chrome 138.0 (Windows 11),Shopper,2025-02-16,True
2348,user_2348,Customer,Singapore,Singapore,Chrome 138.0 (Windows 11),Casual Visitor,2024-03-10,True
2349,user_2349,Customer,United Kingdom,London,Firefox 140.0 (Ubuntu),Casual Visitor,2024-06-03,True
2350,user_2350,Visitor,India,Mumbai,Safari 18.0 (macOS),Shopper,2026-02-19,True
2351,user_2351,Customer,Ethiopia,Addis Ababa,Chrome Mobile (Android),Casual Visitor,2025-09-27,True
2352,user_2352,Customer,India,Mumbai,Firefox 140.0 (Ubuntu),Shopper,2025-04-13,True
2353,user_2353,Customer,United Kingdom,London,Safari 18.0 (macOS),Casual Visitor,2025-09-13,True
2354,user_2354,Visitor,United Kingdom,London,Edge 138.0 (Windows 11),Casual Visitor,2023-09-30,True
2355,user_2355,Visitor,Tanzania,Dar es Salaam,Chrome Mobile (Android),Registered User,2023-10-08,True
2356,user_2356,Customer,Uganda,Kampala,Edge 138.0 (Windows 11),Shopper,2023-09-28,True
2357,user_2357,Visitor,Kenya,Mombasa,Chrome 138.0 (Windows 11),Registered User,2024-02-27,True
2358,user_2358,Visitor,Kenya,Mombasa,Edge 138.0 (Windows 11),Shopper,2024-12-28,True
2359,user_2359,Customer,United Kingdom,London,Chrome Mobile (Android),Casual Visitor,2025-08-03,True
2360,user_2360,Visitor,India,Mumbai,Chrome Mobile (Android),Shopper,2025-10-13,True
2361,user_2361,Visitor,Uganda,Kampala,Safari 18.0 (macOS),API Client,2025-07-08,True
2362,user_2362,Customer,Ethiopia,Mekelle,Edge 138.0 (Windows 11),Registered User,2024-03-17,True
2363,user_2363,Administrator,Tanzania,Dar es Salaam,Edge 138.0 (Windows 11),Administrator,2026-02-25,True
2364,user_2364,Visitor,United Kingdom,London,Edge 138.0 (Windows 11),Shopper,2025-10-07,True
2365,user_2365,Customer,United States,Dallas,Firefox 140.0 (Ubuntu),Registered User,2024-03-03,True
2366,user_2366,Visitor,Uganda,Kampala,Edge 138.0 (Windows 11),Registered User,2024-12-20,True
2367,user_2367,Customer,Tanzania,Dar es Salaam,Firefox 140.0 (Ubuntu),Casual Visitor,2026-03-08,True
2368,user_2368,Visitor,United States,New York,Edge 138.0 (Windows 11),Casual Visitor,2024-12-05,True
2369,user_2369,Visitor,India,Mumbai,Safari 18.0 (macOS),Registered User,2024-04-07,True
2370,user_2370,Visitor,India,Mumbai,Chrome Mobile (Android),Casual Visitor,2025-03-31,True
2371,user_2371,Visitor,Germany,Berlin,Firefox 140.0 (Ubuntu),Registered User,2026-03-13,True
2372,user_2372,Administrator,India,Mumbai,Chrome Mobile (Android),Shopper,2024-11-05,True
2373,user_2373,Visitor,Germany,Berlin,Safari 18.0 (macOS),Shopper,2026-02-06,True
2374,user_2374,Visitor,Ethiopia,Mekelle,Edge 138.0 (Windows 11),Casual Visitor,2025-01-02,True
2375,user_2375,Visitor,United Kingdom,London,Chrome 138.0 (Windows 11),Casual Visitor,2025-09-25,True
2376,user_2376,Customer,United States,New York,Safari 18.0 (macOS),Casual Visitor,2025-09-28,True
2377,user_2377,Visitor,Kenya,Nairobi,Chrome Mobile (Android),Registered User,2025-11-02,True
2378,user_2378,Visitor,Tanzania,Dar es Salaam,Chrome Mobile (Android),Shopper,2025-08-28,True
2379,user_2379,Customer,Singapore,Singapore,Firefox 140.0 (Ubuntu),Casual Visitor,2025-12-20,True
2380,user_2380,Customer,Tanzania,Dar es Salaam,Safari 18.0 (macOS),Casual Visitor,2024-11-06,True
2381,user_2381,Customer,Uganda,Kampala,Chrome Mobile (Android),API Client,2025-08-05,True
2382,user_2382,Visitor,India,Mumbai,Safari 18.0 (macOS),Casual Visitor,2023-08-24,True
2383,user_2383,Administrator,Uganda,Kampala,Edge 138.0 (Windows 11),Casual Visitor,2025-02-21,True
2384,user_2384,Customer,United States,Dallas,Chrome Mobile (Android),Registered User,2024-12-25,True
2385,user_2385,Customer,Tanzania,Dar es Salaam,Safari 18.0 (macOS),Registered User,2026-06-10,True
2386,user_2386,Visitor,Germany,Berlin,Edge 138.0 (Windows 11),Casual Visitor,2024-01-16,True
2387,user_2387,Visitor,Germany,Berlin,Safari 18.0 (macOS),Shopper,2025-05-07,True
2388,user_2388,Visitor,India,Mumbai,Chrome 138.0 (Windows 11),Shopper,2026-01-21,True
2389,user_2389,Customer,Germany,Berlin,Firefox 140.0 (Ubuntu),Casual Visitor,2024-11-18,True
2390,user_2390,Customer,United States,New York,Firefox 140.0 (Ubuntu),Casual Visitor,2026-04-02,True
2391,user_2391,Customer,Kenya,Nairobi,Chrome 138.0 (Windows 11),Shopper,2023-09-09,True
2392,user_2392,Visitor,Germany,Berlin,Chrome 138.0 (Windows 11),Shopper,2026-02-11,True
2393,user_2393,Visitor,Germany,Berlin,Edge 138.0 (Windows 11),Casual Visitor,2025-08-05,True
2394,user_2394,Visitor,United States,Dallas,Firefox 140.0 (Ubuntu),Registered User,2024-09-14,True
2395,user_2395,Customer,Singapore,Singapore,Safari 18.0 (macOS),Casual Visitor,2026-05-13,True
2396,user_2396,Visitor,Ethiopia,Addis Ababa,Chrome Mobile (Android),Casual Visitor,2026-01-13,True
2397,user_2397,Visitor,United States,Dallas,Firefox 140.0 (Ubuntu),Registered User,2026-01-12,True
2398,user_2398,Visitor,Uganda,Kampala,Firefox 140.0 (Ubuntu),Shopper,2024-07-17,True
2399,user_2399,Customer,Ethiopia,Addis Ababa,Firefox 140.0 (Ubuntu),Casual Visitor,2023-10-17,True
2400,user_2400,Visitor,Germany,Berlin,Firefox 140.0 (Ubuntu),Shopper,2026-01-21,True
2401,user_2401,Customer,Ethiopia,Mekelle,Firefox 140.0 (Ubuntu),Shopper,2025-08-14,True
2402,user_2402,Customer,Singapore,Singapore,Firefox 140.0 (Ubuntu),Shopper,2024-04-19,True
2403,user_2403,Customer,Kenya,Mombasa,Edge 138.0 (Windows 11),Shopper,2025-10-21,True
2404,user_2404,Visitor,Singapore,Singapore,Firefox 140.0 (Ubuntu),Casual Visitor,2026-04-02,True
2405,user_2405,Customer,Uganda,Kampala,Edge 138.0 (Windows 11),Shopper,2026-03-18,True
2406,user_2406,Visitor,Tanzania,Dar es Salaam,Chrome 138.0 (Windows 11),Registered User,2025-03-11,True
2407,user_2407,API Client,Kenya,Nairobi,Firefox 140.0 (Ubuntu),Casual Visitor,2024-03-15,True
2408,user_2408,Customer,India,Mumbai,Safari 18.0 (macOS),Registered User,2026-06-21,True
2409,user_2409,Customer,Singapore,Singapore,Chrome Mobile (Android),Registered User,2024-08-09,True
2410,user_2410,Visitor,United States,Dallas,Safari 18.0 (macOS),Casual Visitor,2023-09-17,True
2411,user_2411,Customer,Ethiopia,Mekelle,Chrome 138.0 (Windows 11),Shopper,2026-01-04,True
2412,user_2412,Visitor,Germany,Berlin,Edge 138.0 (Windows 11),Shopper,2024-01-16,True
2413,user_2413,Customer,Tanzania,Dar es Salaam,Firefox 140.0 (Ubuntu),Shopper,2024-05-21,True
2414,user_2414,Visitor,Uganda,Kampala,Firefox 140.0 (Ubuntu),Casual Visitor,2023-08-28,True
2415,user_2415,Visitor,India,Mumbai,Safari 18.0 (macOS),Registered User,2025-06-14,True
2416,user_2416,Visitor,Tanzania,Dar es Salaam,Chrome 138.0 (Windows 11),Casual Visitor,2024-11-28,True
2417,user_2417,Visitor,Ethiopia,Mekelle,Edge 138.0 (Windows 11),Shopper,2025-05-10,True
2418,user_2418,Customer,Germany,Berlin,Edge 138.0 (Windows 11),Registered User,2024-03-21,True
2419,user_2419,Visitor,Kenya,Mombasa,Edge 138.0 (Windows 11),Casual Visitor,2025-05-01,True
2420,user_2420,API Client,Uganda,Kampala,Firefox 140.0 (Ubuntu),Registered User,2024-06-10,True
2421,user_2421,Visitor,Kenya,Nairobi,Chrome Mobile (Android),Casual Visitor,2025-04-27,True
2422,user_2422,Visitor,United Kingdom,London,Edge 138.0 (Windows 11),Casual Visitor,2025-09-16,True
2423,user_2423,Customer,Singapore,Singapore,Safari 18.0 (macOS),Shopper,2026-03-05,True
2424,user_2424,API Client,Singapore,Singapore,Firefox 140.0 (Ubuntu),Administrator,2025-07-31,True
2425,user_2425,Visitor,India,Mumbai,Firefox 140.0 (Ubuntu),Casual Visitor,2023-11-03,True
2426,user_2426,Visitor,Germany,Berlin,Edge 138.0 (Windows 11),Casual Visitor,2024-02-29,True
2427,user_2427,Visitor,Germany,Berlin,Firefox 140.0 (Ubuntu),Shopper,2025-10-12,True
2428,user_2428,API Client,Tanzania,Dar es Salaam,Firefox 140.0 (Ubuntu),Registered User,2024-06-16,True
2429,user_2429,Visitor,India,Mumbai,Firefox 140.0 (Ubuntu),Administrator,2025-12-17,True
2430,user_2430,Customer,Ethiopia,Mekelle,Edge 138.0 (Windows 11),Shopper,2024-12-15,False
2431,user_2431,Customer,India,Mumbai,Chrome Mobile (Android),Registered User,2026-05-23,True
2432,user_2432,Visitor,United Kingdom,London,Chrome Mobile (Android),Shopper,2025-08-11,True
2433,user_2433,Customer,Tanzania,Dar es Salaam,Safari 18.0 (macOS),Shopper,2025-10-23,True
2434,user_2434,Visitor,Singapore,Singapore,Safari 18.0 (macOS),Casual Visitor,2025-03-06,True
2435,user_2435,Customer,United States,New York,Chrome Mobile (Android),Casual Visitor,2024-11-28,True
2436,user_2436,Administrator,Tanzania,Dar es Salaam,Chrome 138.0 (Windows 11),Shopper,2024-04-24,True
2437,user_2437,Visitor,Germany,Berlin,Edge 138.0 (Windows 11),Casual Visitor,2025-07-13,True
2438,user_2438,Customer,India,Mumbai,Chrome 138.0 (Windows 11),Shopper,2025-11-04,True
2439,user_2439,Visitor,Uganda,Kampala,Chrome 138.0 (Windows 11),Casual Visitor,2025-01-11,True
2440,user_2440,Visitor,United States,New York,Safari 18.0 (macOS),Administrator,2025-11-24,True
2441,user_2441,Visitor,Tanzania,Dar es Salaam,Firefox 140.0 (Ubuntu),Casual Visitor,2025-01-30,True
2442,user_2442,Visitor,Uganda,Kampala,Edge 138.0 (Windows 11),Shopper,2026-06-13,True
2443,user_2443,Visitor,Ethiopia,Addis Ababa,Chrome 138.0 (Windows 11),Casual Visitor,2026-06-21,True
2444,user_2444,API Client,Ethiopia,Addis Ababa,Chrome 138.0 (Windows 11),Shopper,2026-04-24,True
2445,user_2445,Customer,United States,Dallas,Edge 138.0 (Windows 11),Shopper,2024-09-12,True
2446,user_2446,Visitor,Uganda,Kampala,Chrome 138.0 (Windows 11),API Client,2026-03-03,True
2447,user_2447,Customer,Kenya,Nairobi,Firefox 140.0 (Ubuntu),Registered User,2025-08-20,True
2448,user_2448,Visitor,India,Mumbai,Edge 138.0 (Windows 11),Shopper,2024-05-23,True
2449,user_2449,Visitor,United States,New York,Chrome Mobile (Android),Registered User,2024-08-15,True
2450,user_2450,Visitor,Singapore,Singapore,Firefox 140.0 (Ubuntu),Shopper,2024-10-05,True
2451,user_2451,Customer,United Kingdom,London,Safari 18.0 (macOS),Casual Visitor,2025-12-12,True
2452,user_2452,Visitor,United States,Dallas,Firefox 140.0 (Ubuntu),Registered User,2024-11-04,True
2453,user_2453,Visitor,United Kingdom,London,Firefox 140.0 (Ubuntu),Registered User,2024-07-13,True
2454,user_2454,Visitor,Kenya,Nairobi,Safari 18.0 (macOS),Casual Visitor,2024-11-03,True
2455,user_2455,Customer,United States,Dallas,Chrome Mobile (Android),Casual Visitor,2024-10-20,True
2456,user_2456,Administrator,Germany,Berlin,Chrome Mobile (Android),Registered User,2024-06-15,True
2457,user_2457,Customer,Tanzania,Dar es Salaam,Edge 138.0 (Windows 11),Casual Visitor,2025-08-27,True
2458,user_2458,Visitor,Ethiopia,Addis Ababa,Edge 138.0 (Windows 11),Casual Visitor,2024-12-03,True
2459,user_2459,Customer,India,Mumbai,Edge 138.0 (Windows 11),Shopper,2025-08-13,True
2460,user_2460,API Client,Germany,Berlin,Chrome Mobile (Android),Registered User,2025-01-21,True
2461,user_2461,Visitor,Uganda,Kampala,Safari 18.0 (macOS),Registered User,2025-12-16,True
2462,user_2462,Visitor,Kenya,Nairobi,Chrome Mobile (Android),Shopper,2024-09-26,True
2463,user_2463,Visitor,Tanzania,Dar es Salaam,Chrome 138.0 (Windows 11),Shopper,2024-10-19,True
2464,user_2464,Visitor,United Kingdom,London,Safari 18.0 (macOS),Registered User,2024-02-04,False
2465,user_2465,Visitor,Tanzania,Dar es Salaam,Chrome Mobile (Android),Casual Visitor,2026-01-05,True
2466,user_2466,Visitor,Singapore,Singapore,Chrome 138.0 (Windows 11),Shopper,2026-06-15,True
2467,user_2467,Visitor,Singapore,Singapore,Safari 18.0 (macOS),Casual Visitor,2025-11-19,True
2468,user_2468,Visitor,Germany,Berlin,Safari 18.0 (macOS),Administrator,2025-03-10,True
2469,user_2469,Customer,Tanzania,Dar es Salaam,Firefox 140.0 (Ubuntu),Shopper,2025-04-02,True
2470,user_2470,Customer,Kenya,Nairobi,Chrome Mobile (Android),Casual Visitor,2025-01-16,True
2471,user_2471,Visitor,Singapore,Singapore,Safari 18.0 (macOS),Casual Visitor,2024-03-13,True
2472,user_2472,Customer,Kenya,Nairobi,Edge 138.0 (Windows 11),Shopper,2024-10-23,True
2473,user_2473,Visitor,Germany,Berlin,Edge 138.0 (Windows 11),Registered User,2023-10-03,True
2474,user_2474,Visitor,India,Mumbai,Chrome Mobile (Android),Casual Visitor,2024-10-18,True
2475,user_2475,Customer,Tanzania,Dar es Salaam,Edge 138.0 (Windows 11),Casual Visitor,2023-11-29,True
2476,user_2476,Visitor,Kenya,Mombasa,Firefox 140.0 (Ubuntu),Administrator,2025-01-18,True
2477,user_2477,Visitor,Uganda,Kampala,Edge 138.0 (Windows 11),Shopper,2025-06-16,True
2478,user_2478,Customer,Germany,Berlin,Edge 138.0 (Windows 11),Casual Visitor,2026-05-14,True
2479,user_2479,Visitor,United States,New York,Firefox 140.0 (Ubuntu),Registered User,2024-08-31,True
2480,user_2480,Visitor,Kenya,Nairobi,Edge 138.0 (Windows 11),API Client,2025-08-12,True
2481,user_2481,Visitor,India,Mumbai,Chrome Mobile (Android),Shopper,2024-06-26,True
2482,user_2482,Visitor,United States,New York,Chrome 138.0 (Windows 11),Casual Visitor,2024-06-07,True
2483,user_2483,Customer,Tanzania,Dar es Salaam,Chrome Mobile (Android),Registered User,2025-11-12,True
2484,user_2484,Visitor,Ethiopia,Addis Ababa,Edge 138.0 (Windows 11),Casual Visitor,2024-09-23,True
2485,user_2485,Visitor,Singapore,Singapore,Edge 138.0 (Windows 11),Casual Visitor,2025-12-19,True
2486,user_2486,Customer,Germany,Berlin,Safari 18.0 (macOS),Casual Visitor,2024-09-23,True
2487,user_2487,API Client,India,Mumbai,Firefox 140.0 (Ubuntu),Registered User,2024-02-28,True
2488,user_2488,Visitor,India,Mumbai,Edge 138.0 (Windows 11),Casual Visitor,2024-01-15,True
2489,user_2489,Visitor,India,Mumbai,Edge 138.0 (Windows 11),Casual Visitor,2026-03-12,True
2490,user_2490,Visitor,United Kingdom,London,Chrome 138.0 (Windows 11),API Client,2026-01-26,True
2491,user_2491,Customer,Ethiopia,Addis Ababa,Chrome Mobile (Android),Shopper,2024-08-04,True
2492,user_2492,Visitor,Uganda,Kampala,Chrome Mobile (Android),Registered User,2024-08-09,True
2493,user_2493,Visitor,Kenya,Mombasa,Chrome Mobile (Android),Registered User,2023-10-16,True
2494,user_2494,Administrator,Ethiopia,Addis Ababa,Firefox 140.0 (Ubuntu),Shopper,2026-06-04,True
2495,user_2495,Visitor,Uganda,Kampala,Safari 18.0 (macOS),API Client,2025-10-31,False
2496,user_2496,Visitor,United Kingdom,London,Edge 138.0 (Windows 11),Shopper,2024-07-14,True
2497,user_2497,Visitor,United States,Dallas,Chrome 138.0 (Windows 11),Registered User,2026-04-16,True
2498,user_2498,Visitor,Ethiopia,Mekelle,Edge 138.0 (Windows 11),Registered User,2024-07-25,True
2499,user_2499,Customer,Ethiopia,Addis Ababa,Chrome Mobile (Android),Registered User,2023-10-19,True
2500,user_2500,Customer,United States,Dallas,Chrome Mobile (Android),Registered User,2024-01-01,True
